date,Start,End,SleepQuality,Time in bed,Wake up,Sleep Notes,Heart rate,Activity (steps)
2014/12/29,2014/12/29 22:57,2014/12/30 7:30,1.00 ,8:32,:),,59,0
2014/12/30,2014/12/30 21:17,2014/12/30 21:33,0.03 ,0:16,:|,Stressful day,72,0
2014/12/30,2014/12/30 22:42,2014/12/31 7:13,0.98 ,8:30,:|,,57,0
2014/12/31,2014/12/31 22:31,2015/1/1 6:03,0.65 ,7:32,,,,0
2015/1/1,2015/1/1 22:12,2015/1/2 4:56,0.72 ,6:44,:),Drank coffee:Drank tea,68,0
2015/1/3,2015/1/3 0:34,2015/1/3 7:47,0.83 ,7:12,:),Drank coffee:Drank tea,60,0
2015/1/4,2015/1/4 0:23,2015/1/4 7:37,0.78 ,7:14,,Drank tea,,0
2015/1/4,2015/1/4 21:34,2015/1/5 4:53,0.78 ,7:18,:),Ate late:Drank coffee,57,0
2015/1/5,2015/1/5 21:32,2015/1/6 5:00,0.69 ,7:27,:),Drank coffee:Drank tea:Worked out,56,0
2015/1/6,2015/1/6 21:24,2015/1/7 5:00,0.74 ,7:35,:|,Drank tea:Worked out,64,0
2015/1/7,2015/1/7 20:59,2015/1/8 6:19,0.81 ,9:19,:),Drank coffee:Drank tea:Stressful day,62,0
2015/1/8,2015/1/8 22:58,2015/1/9 6:14,0.88 ,7:16,:),Drank coffee:Drank tea,58,0
2015/1/9,2015/1/9 22:27,2015/1/10 7:29,0.77 ,9:01,:|,Drank coffee:Drank tea,65,0
2015/1/10,2015/1/10 22:38,2015/1/11 7:28,0.89 ,8:50,:|,Drank coffee:Drank tea,65,0
2015/1/11,2015/1/11 22:12,2015/1/12 6:20,0.78 ,8:08,:),Drank tea,53,0
2015/1/12,2015/1/12 21:01,2015/1/13 6:13,1.00 ,9:11,:),Drank tea:Worked out,65,0
2015/1/13,2015/1/13 22:14,2015/1/14 6:20,1.00 ,8:06,:),Drank coffee:Drank tea,55,0
2015/1/14,2015/1/14 21:48,2015/1/15 5:02,0.88 ,7:13,:),Drank coffee:Drank tea:Worked out,60,0
2015/1/15,2015/1/15 21:32,2015/1/16 4:54,0.87 ,7:22,:),Drank tea,60,0
2015/1/17,2015/1/17 2:11,2015/1/17 9:03,0.83 ,6:51,:),Drank coffee:Drank tea,94,0
2015/1/17,2015/1/17 23:55,2015/1/18 7:47,0.93 ,7:51,:),Drank coffee:Drank tea,57,0
2015/1/18,2015/1/18 21:51,2015/1/19 5:04,0.58 ,7:12,:),Drank coffee,67,0
2015/1/19,2015/1/19 5:06,2015/1/19 6:20,0.16 ,1:13,:),,58,0
2015/1/19,2015/1/19 21:45,2015/1/20 5:45,0.75 ,8:00,:|,Drank coffee:Drank tea:Worked out,54,0
2015/1/20,2015/1/20 21:42,2015/1/21 5:45,0.80 ,8:02,:|,Drank coffee:Drank tea:Worked out,60,0
2015/1/21,2015/1/21 22:34,2015/1/22 6:17,0.87 ,7:42,:),Drank coffee:Drank tea:Worked out,75,0
2015/1/25,2015/1/25 20:55,2015/1/26 6:14,0.87 ,9:19,:),Drank coffee,58,0
2015/1/26,2015/1/26 22:36,2015/1/27 6:11,0.83 ,7:35,:|,Drank coffee:Drank tea:Stressful day,66,0
2015/1/28,2015/1/28 21:43,2015/1/29 5:20,0.76 ,7:37,:),Drank coffee:Drank tea:Stressful day,57,0
2015/1/29,2015/1/29 22:23,2015/1/30 5:29,0.67 ,7:05,:),Drank coffee:Drank tea:Worked out,63,0
2015/1/31,2015/1/31 0:13,2015/1/31 8:17,0.93 ,8:03,:),Drank coffee:Drank tea:Stressful day,62,0
2015/2/1,2015/2/1 21:55,2015/2/2 5:09,0.64 ,7:13,:),Drank coffee:Drank tea,56,0
2015/2/2,2015/2/2 22:30,2015/2/3 6:20,0.75 ,7:49,:),Drank tea,61,0
2015/2/3,2015/2/3 22:47,2015/2/4 6:20,0.72 ,7:32,:),Drank coffee:Drank tea,61,0
2015/2/4,2015/2/4 23:03,2015/2/5 6:10,0.70 ,7:07,:),Drank tea:Worked out,57,0
2015/2/8,2015/2/8 22:30,2015/2/9 6:48,0.89 ,8:17,:),Drank coffee:Drank tea,61,0
2015/2/9,2015/2/9 21:55,2015/2/10 6:13,0.85 ,8:17,:),Drank coffee,58,0
2015/2/10,2015/2/10 22:20,2015/2/11 6:20,0.59 ,8:00,:),Drank coffee,60,0
2015/2/11,2015/2/11 21:53,2015/2/12 5:30,0.67 ,7:36,:),Drank coffee:Drank tea:Worked out,57,0
2015/2/12,2015/2/12 22:34,2015/2/13 5:24,0.69 ,6:49,:),Drank coffee:Drank tea:Worked out,53,0
2015/2/15,2015/2/15 22:16,2015/2/16 5:20,0.74 ,7:04,:),Drank coffee,60,0
2015/2/17,2015/2/17 0:02,2015/2/17 6:16,0.78 ,6:13,:),Drank coffee:Drank tea:Worked out,65,0
2015/2/17,2015/2/17 22:20,2015/2/18 5:05,0.70 ,6:45,:),Drank coffee:Drank tea,55,0
2015/2/19,2015/2/19 22:39,2015/2/20 6:20,0.77 ,7:40,:),Drank coffee:Drank tea:Stressful day,66,0
2015/2/21,2015/2/21 0:31,2015/2/21 7:32,0.72 ,7:00,:),Drank coffee:Drank tea:Worked out,55,0
2015/2/21,2015/2/21 22:54,2015/2/22 7:49,0.92 ,8:55,:),Drank coffee:Drank tea,56,0
2015/2/22,2015/2/22 22:18,2015/2/23 6:20,0.87 ,8:02,:),Drank coffee,60,0
2015/2/24,2015/2/24 22:30,2015/2/25 6:20,0.69 ,7:49,:),Drank coffee:Drank tea,62,0
2015/2/26,2015/2/26 1:22,2015/2/26 7:16,0.65 ,5:54,:|,Drank coffee:Drank tea,,0
2015/2/26,2015/2/26 21:42,2015/2/27 5:37,0.90 ,7:54,:),Drank tea:Worked out,61,0
2015/3/1,2015/3/1 20:14,2015/3/2 5:44,0.88 ,9:29,:),Drank coffee,62,0
2015/3/3,2015/3/3 21:47,2015/3/4 5:30,0.61 ,7:43,:),Drank coffee:Drank tea:Worked out,62,0
2015/3/4,2015/3/4 20:53,2015/3/5 6:13,0.54 ,9:19,:),Drank coffee:Drank tea:Stressful day:Worked out,68,0
2015/3/5,2015/3/5 22:29,2015/3/6 6:20,0.86 ,7:50,:),Drank coffee:Drank tea,58,0
2015/3/8,2015/3/8 22:54,2015/3/9 6:20,0.69 ,7:25,:),Drank coffee,61,0
2015/3/9,2015/3/9 21:28,2015/3/10 6:18,0.99 ,8:50,:),Drank coffee:Drank tea,67,0
2015/3/10,2015/3/10 22:17,2015/3/11 6:18,0.82 ,8:01,:),Drank coffee:Drank tea,71,0
2015/3/11,2015/3/11 21:39,2015/3/12 5:19,0.77 ,7:40,:),Drank coffee:Drank tea,63,0
2015/3/12,2015/3/12 21:44,2015/3/13 5:20,0.72 ,7:36,:),Drank coffee:Drank tea:Worked out,60,0
2015/3/15,2015/3/15 21:50,2015/3/16 4:51,0.82 ,7:00,:),,62,0
2015/3/16,2015/3/16 21:48,2015/3/17 5:21,0.75 ,7:32,:),Drank coffee:Drank tea,54,0
2015/3/17,2015/3/17 23:57,2015/3/18 8:01,0.91 ,8:03,:),Drank coffee:Drank tea:Worked out,62,0
2015/3/21,2015/3/21 1:10,2015/3/21 8:00,0.74 ,6:49,:),Drank coffee,66,0
2015/3/22,2015/3/22 23:07,2015/3/23 7:30,0.75 ,8:22,:),Drank coffee:Drank tea,65,0
2015/3/24,2015/3/24 22:11,2015/3/25 6:19,0.84 ,8:07,:),Drank coffee,58,0
2015/3/25,2015/3/25 22:00,2015/3/26 5:22,0.76 ,7:22,:),Drank coffee:Drank tea:Worked out,,0
2015/3/26,2015/3/26 21:23,2015/3/27 5:26,0.92 ,8:03,:),Drank tea:Worked out,54,0
2015/3/30,2015/3/30 22:30,2015/3/31 5:28,0.82 ,6:57,:),Drank coffee:Worked out,64,0
2015/3/31,2015/3/31 22:17,2015/4/1 5:50,0.84 ,7:32,:),Drank coffee:Drank tea:Worked out,55,0
2015/4/4,2015/4/4 23:13,2015/4/5 7:31,0.95 ,8:17,:),Drank coffee:Drank tea,,0
2015/4/6,2015/4/6 21:22,2015/4/7 6:15,0.79 ,8:53,:),Drank coffee:Drank tea,55,0
2015/4/7,2015/4/7 21:17,2015/4/8 6:18,1.00 ,9:01,:),Drank tea,51,0
2015/4/8,2015/4/8 22:09,2015/4/9 5:02,0.81 ,6:52,:),Drank tea,52,0
2015/4/9,2015/4/9 21:56,2015/4/10 5:23,0.80 ,7:27,:),Drank coffee:Drank tea:Worked out,,0
2015/4/10,2015/4/10 23:51,2015/4/11 7:41,0.85 ,7:50,:),Drank tea:Worked out,,0
2015/4/11,2015/4/11 23:16,2015/4/12 6:53,0.97 ,7:36,:),Drank coffee:Drank tea,52,0
2015/4/12,2015/4/12 22:04,2015/4/13 5:41,0.84 ,7:36,:),Drank coffee:Drank tea,58,0
2015/4/13,2015/4/13 22:19,2015/4/14 5:45,0.78 ,7:25,:),Drank tea:Worked out,57,0
2015/4/15,2015/4/15 0:28,2015/4/15 7:30,0.81 ,7:01,:),Drank coffee:Drank tea:Worked out,63,0
2015/4/16,2015/4/16 23:20,2015/4/17 6:20,0.82 ,6:59,:),Drank coffee:Drank tea,58,0
2015/4/17,2015/4/17 23:50,2015/4/18 7:22,0.59 ,7:32,:),Drank coffee:Drank tea:Stressful day:Worked out,53,0
2015/4/20,2015/4/20 22:37,2015/4/21 6:18,0.77 ,7:40,:),Drank coffee:Drank tea,58,0
2015/4/22,2015/4/22 21:31,2015/4/23 5:11,0.77 ,7:39,:),Drank coffee:Drank tea:Stressful day,67,0
2015/4/23,2015/4/23 21:46,2015/4/24 5:13,0.87 ,7:26,:),Drank coffee:Drank tea:Stressful day:Worked out,,0
2015/4/25,2015/4/25 22:53,2015/4/26 7:53,1.00 ,9:00,:),Drank coffee:Drank tea,61,0
2015/4/26,2015/4/26 21:51,2015/4/27 4:59,0.70 ,7:07,:),Ate late:Drank coffee:Drank tea,64,0
2015/4/27,2015/4/27 21:35,2015/4/28 4:57,0.77 ,7:21,:),Drank tea:Worked out,59,0
2015/4/28,2015/4/28 21:41,2015/4/29 5:00,0.53 ,7:18,:),Drank coffee:Worked out,59,0
2015/4/30,2015/4/30 23:13,2015/5/1 6:06,0.77 ,6:52,:),Drank coffee:Drank tea:Stressful day,60,0
2015/5/1,2015/5/1 22:20,2015/5/2 6:07,0.65 ,7:46,:),Drank coffee:Worked out,91,0
2015/5/5,2015/5/5 22:23,2015/5/6 6:18,0.83 ,7:54,:),Drank coffee:Drank tea:Worked out,62,0
2015/5/6,2015/5/6 21:47,2015/5/7 5:21,0.50 ,7:34,:),Ate late:Drank coffee:Drank tea:Worked out,59,0
2015/5/7,2015/5/7 21:22,2015/5/8 4:57,0.89 ,7:34,:),Drank tea:Worked out,54,0
2015/5/9,2015/5/9 1:58,2015/5/9 7:01,0.61 ,5:03,:),Drank coffee:Drank tea:Stressful day:Worked out,75,0
2015/5/10,2015/5/10 22:11,2015/5/11 5:00,0.66 ,6:48,:),Drank coffee:Drank tea:Worked out,50,0
2015/5/11,2015/5/11 21:57,2015/5/12 5:00,0.75 ,7:03,:),Drank tea:Worked out,55,0
2015/5/12,2015/5/12 22:04,2015/5/13 4:52,0.72 ,6:47,:),Drank tea:Worked out,59,0
2015/5/14,2015/5/14 22:49,2015/5/15 6:17,0.79 ,7:28,:),Drank coffee:Drank tea,51,0
2015/5/17,2015/5/17 21:03,2015/5/18 7:49,0.93 ,10:46,:),Drank tea:Stressful day,59,0
2015/5/18,2015/5/18 22:39,2015/5/19 6:20,0.91 ,7:41,:),,59,0
2015/5/20,2015/5/20 22:22,2015/5/21 5:25,0.59 ,7:02,:),Drank tea:Worked out,62,0
2015/5/21,2015/5/21 22:47,2015/5/22 5:25,0.74 ,6:38,:),Drank coffee:Drank tea:Worked out,60,0
2015/5/24,2015/5/24 0:01,2015/5/24 7:35,0.73 ,7:33,:),Drank coffee:Worked out,,0
2015/5/24,2015/5/24 22:58,2015/5/25 6:45,0.67 ,7:47,:),Drank coffee:Drank tea,61,0
2015/5/25,2015/5/25 22:05,2015/5/26 5:29,0.85 ,7:23,:),Drank coffee:Drank tea,,0
2015/5/26,2015/5/26 22:18,2015/5/27 5:14,0.69 ,6:56,:),Drank coffee:Drank tea:Worked out,,0
2015/5/28,2015/5/28 23:10,2015/5/29 7:00,0.81 ,7:49,:),Drank coffee:Drank tea:Worked out,52,0
2015/5/31,2015/5/31 23:16,2015/6/1 6:20,0.72 ,7:03,:),Drank coffee,76,0
2015/6/1,2015/6/1 22:20,2015/6/2 6:19,0.76 ,7:59,:),Drank coffee:Drank tea:Worked out,57,0
2015/6/3,2015/6/3 22:19,2015/6/4 5:20,0.78 ,7:00,:),Drank coffee:Drank tea,64,0
2015/6/4,2015/6/4 22:20,2015/6/5 3:45,0.70 ,5:25,:(,Drank coffee:Drank tea:Worked out,,0
2015/6/5,2015/6/5 3:45,2015/6/5 5:41,0.23 ,1:55,:),,57,0
2015/6/7,2015/6/7 22:01,2015/6/8 5:40,0.75 ,7:39,:),Drank coffee,58,0
2015/6/8,2015/6/8 21:57,2015/6/9 5:16,0.69 ,7:19,:),Drank coffee:Drank tea:Worked out,,0
2015/6/9,2015/6/9 21:07,2015/6/10 5:01,0.83 ,7:54,:),Drank coffee:Drank tea:Worked out,,0
2015/6/10,2015/6/10 21:12,2015/6/11 6:17,0.92 ,9:04,:),Drank tea:Stressful day:Worked out,68,0
2015/6/11,2015/6/11 22:54,2015/6/12 6:19,0.74 ,7:25,:),Drank coffee:Worked out,,0
2015/6/14,2015/6/14 22:38,2015/6/15 6:12,0.81 ,7:34,:),Drank coffee:Drank tea,,0
2015/6/15,2015/6/15 22:31,2015/6/16 6:20,0.88 ,7:48,:),Drank coffee:Drank tea:Worked out,64,0
2015/6/16,2015/6/16 22:21,2015/6/17 6:20,0.69 ,7:59,:),Drank coffee:Drank tea:Stressful day:Worked out,,0
2015/6/17,2015/6/17 21:28,2015/6/18 5:00,0.63 ,7:31,:),Drank coffee,,0
2015/6/18,2015/6/18 22:26,2015/6/19 4:46,0.71 ,6:20,:),Drank coffee:Worked out,,0
2015/6/22,2015/6/22 21:54,2015/6/23 5:07,0.78 ,7:13,:),Drank coffee:Worked out,,0
2015/6/23,2015/6/23 22:09,2015/6/24 4:57,0.76 ,6:48,:),Drank coffee:Drank tea:Worked out,,0
2015/6/24,2015/6/24 4:58,2015/6/24 5:45,0.10 ,0:46,:),,,0
2015/6/24,2015/6/24 22:37,2015/6/25 6:20,0.82 ,7:43,:),Drank coffee:Stressful day:Worked out,58,0
2015/7/11,2015/7/11 22:29,2015/7/12 8:00,0.98 ,9:31,:),Drank coffee:Stressful day,69,0
2015/7/19,2015/7/19 21:38,2015/7/20 6:09,0.69 ,8:31,:),Drank coffee,74,0
2015/7/20,2015/7/20 22:01,2015/7/21 5:04,0.68 ,7:03,:),Drank coffee:Drank tea:Worked out,,0
2015/7/21,2015/7/21 22:02,2015/7/22 5:45,0.79 ,7:42,:),Drank coffee:Drank tea:Worked out,67,0
2015/7/23,2015/7/23 22:29,2015/7/24 6:44,0.86 ,8:14,:),Drank coffee:Stressful day:Worked out,,0
2015/7/26,2015/7/26 22:29,2015/7/27 6:20,0.93 ,7:50,:),Drank coffee:Worked out,58,0
2015/7/28,2015/7/28 21:32,2015/7/29 5:39,0.68 ,8:07,:),Drank coffee:Drank tea:Stressful day:Worked out,58,0
2015/7/29,2015/7/29 23:06,2015/7/30 5:40,0.71 ,6:34,:),Drank coffee:Drank tea:Worked out,61,0
2015/7/30,2015/7/30 21:40,2015/7/31 5:40,0.88 ,8:00,:),Drank coffee:Worked out,64,0
2015/8/1,2015/8/1 1:41,2015/8/1 8:31,0.77 ,6:49,:),Drank coffee:Drank tea:Worked out,64,0
2015/8/1,2015/8/1 22:55,2015/8/2 8:02,0.97 ,9:06,:),Drank coffee:Worked out,,0
2015/8/2,2015/8/2 23:45,2015/8/3 0:00,0.03 ,0:15,:|,Drank coffee:Worked out,,0
2015/8/3,2015/8/3 0:26,2015/8/3 7:25,0.88 ,6:59,:),Drank coffee:Worked out,68,0
2015/8/3,2015/8/3 21:46,2015/8/4 5:00,0.71 ,7:14,:),Drank coffee:Stressful day:Worked out,,0
2015/8/4,2015/8/4 21:17,2015/8/5 4:55,0.81 ,7:38,:),Drank coffee:Drank tea:Worked out,,0
2015/8/5,2015/8/5 21:35,2015/8/6 4:55,0.78 ,7:19,:),Drank coffee:Drank tea:Worked out,57,0
2015/8/8,2015/8/8 0:19,2015/8/8 7:56,0.97 ,7:37,:),Drank coffee:Worked out,54,0
2015/8/10,2015/8/10 0:01,2015/8/10 5:03,0.65 ,5:02,:),Drank coffee,,0
2015/8/10,2015/8/10 21:11,2015/8/11 6:09,0.72 ,8:58,:),Drank coffee:Drank tea:Worked out,50,0
2015/8/15,2015/8/15 23:41,2015/8/16 7:27,0.84 ,7:46,:),Drank coffee,,0
2015/8/16,2015/8/16 21:44,2015/8/17 4:45,0.58 ,7:00,:),Drank coffee,56,0
2015/8/17,2015/8/17 22:13,2015/8/18 5:27,0.85 ,7:14,:),Drank coffee:Drank tea:Worked out,,0
2015/8/18,2015/8/18 22:33,2015/8/19 6:45,0.90 ,8:12,:),Drank coffee:Drank tea:Worked out,57,0
2015/8/19,2015/8/19 21:48,2015/8/20 6:01,0.79 ,8:12,:),Drank coffee:Worked out,51,0
2015/8/20,2015/8/20 22:36,2015/8/21 6:00,0.69 ,7:23,:),Drank coffee,58,0
2015/8/21,2015/8/21 21:52,2015/8/22 6:00,0.88 ,8:07,:),Drank coffee:Stressful day,,0
2015/8/22,2015/8/22 21:59,2015/8/23 5:49,0.90 ,7:49,:),Drank coffee,52,0
2015/8/23,2015/8/23 21:59,2015/8/24 5:29,0.83 ,7:30,:),Ate late:Drank coffee:Drank tea,52,0
2015/8/25,2015/8/25 21:57,2015/8/26 5:45,0.67 ,7:48,:),Drank coffee,,0
2015/8/26,2015/8/26 21:14,2015/8/27 5:45,0.90 ,8:30,:),Drank coffee:Stressful day,,0
2015/8/27,2015/8/27 21:19,2015/8/28 5:45,0.93 ,8:26,:|,,60,0
2015/8/28,2015/8/28 22:01,2015/8/29 6:00,0.85 ,7:59,:),Drank coffee:Drank tea,62,0
2015/8/30,2015/8/30 22:00,2015/8/31 6:00,0.84 ,8:00,:),Drank coffee,66,0
2015/8/31,2015/8/31 22:14,2015/9/1 6:00,0.77 ,7:46,:),Drank coffee,,0
2015/9/1,2015/9/1 22:00,2015/9/2 6:00,0.85 ,7:59,:),Drank tea,65,0
2015/9/2,2015/9/2 23:36,2015/9/3 7:10,0.77 ,7:33,:),Drank coffee,57,0
2015/9/5,2015/9/5 22:54,2015/9/6 6:59,0.87 ,8:04,:),Drank coffee,,0
2015/9/7,2015/9/7 22:45,2015/9/8 6:13,0.84 ,7:27,:),Drank coffee:Drank tea,61,0
2015/9/8,2015/9/8 22:03,2015/9/9 6:04,0.86 ,8:01,:),Drank tea:Worked out,,0
2015/9/9,2015/9/9 22:40,2015/9/10 6:10,0.83 ,7:29,:),Drank coffee:Drank tea:Worked out,,0
2015/9/10,2015/9/10 22:10,2015/9/11 4:57,0.77 ,6:46,:),Drank coffee:Drank tea:Worked out,,0
2015/9/12,2015/9/12 0:06,2015/9/12 7:41,0.81 ,7:35,:),Drank coffee:Worked out,,0
2015/9/13,2015/9/13 22:03,2015/9/14 5:50,0.81 ,7:47,:),Drank coffee,,0
2015/9/14,2015/9/14 22:33,2015/9/15 6:30,0.83 ,7:56,:),Drank coffee:Stressful day:Worked out,,0
2015/9/15,2015/9/15 22:14,2015/9/16 5:55,0.70 ,7:40,:),Drank coffee:Worked out,,0
2015/9/16,2015/9/16 21:59,2015/9/17 6:20,0.80 ,8:20,:),Drank coffee:Drank tea:Worked out,59,0
2015/9/17,2015/9/17 22:57,2015/9/18 6:20,0.60 ,7:22,:),Drank coffee:Drank tea:Worked out,56,0
2015/9/19,2015/9/19 0:31,2015/9/19 6:55,0.55 ,6:23,:),Drank coffee,,0
2015/9/19,2015/9/19 22:01,2015/9/20 6:48,0.91 ,8:47,:),Drank coffee,,0
2015/9/20,2015/9/20 22:07,2015/9/21 6:15,0.79 ,8:08,:),Drank coffee:Drank tea:Worked out,55,0
2015/9/22,2015/9/22 21:34,2015/9/23 6:15,0.81 ,8:41,:),Drank coffee:Drank tea:Worked out,58,0
2015/9/23,2015/9/23 21:37,2015/9/24 5:07,0.77 ,7:29,:),Drank coffee:Drank tea:Worked out,49,0
2015/9/24,2015/9/24 22:37,2015/9/25 6:00,0.83 ,7:22,:),Ate late:Drank coffee:Drank tea:Worked out,,0
2015/9/27,2015/9/27 22:57,2015/9/28 7:00,0.82 ,8:02,:),Drank tea,61,0
2015/9/28,2015/9/28 21:12,2015/9/29 5:15,0.90 ,8:02,:),Drank tea:Worked out,60,0
2015/9/29,2015/9/29 22:54,2015/9/30 6:20,0.89 ,7:25,:),Ate late:Drank coffee:Drank tea:Worked out,58,0
2015/9/30,2015/9/30 23:57,2015/10/1 6:14,0.62 ,6:16,:),Drank coffee:Drank tea:Worked out,55,0
2015/10/3,2015/10/3 0:09,2015/10/3 7:26,0.69 ,7:17,:),Drank coffee:Worked out,57,0
2015/10/11,2015/10/11 0:27,2015/10/11 8:58,1.00 ,8:31,:),Drank coffee:Stressful day,50,0
2015/10/12,2015/10/12 21:59,2015/10/13 6:00,0.74 ,8:01,:),Ate late:Drank coffee:Drank tea:Worked out,,0
2015/10/13,2015/10/13 22:19,2015/10/14 4:59,0.59 ,6:40,:),Drank coffee:Worked out,,0
2015/10/14,2015/10/14 5:00,2015/10/14 6:00,0.13 ,1:00,:),,,0
2015/10/14,2015/10/14 22:40,2015/10/15 6:20,0.68 ,7:40,:),Drank tea:Worked out,65,0
2015/10/15,2015/10/15 22:12,2015/10/16 6:21,0.67 ,8:08,:),Drank coffee:Drank tea:Worked out,58,0
2015/10/17,2015/10/17 0:45,2015/10/17 7:37,0.57 ,6:51,:),Drank coffee:Drank tea,,0
2015/10/18,2015/10/18 21:52,2015/10/19 6:20,0.67 ,8:27,:|,Drank coffee,,0
2015/10/20,2015/10/20 21:38,2015/10/21 6:20,0.88 ,8:42,:|,Drank coffee:Drank tea,62,0
2015/10/21,2015/10/21 22:41,2015/10/22 6:20,0.77 ,7:39,:),Drank coffee:Drank tea,53,0
2015/10/22,2015/10/22 21:46,2015/10/23 5:30,0.80 ,7:44,:),Drank coffee:Drank tea:Worked out,70,0
2015/10/24,2015/10/24 0:32,2015/10/24 8:12,0.77 ,7:40,:),Drank coffee:Drank tea:Worked out,,0
2015/10/24,2015/10/24 22:38,2015/10/25 6:33,0.81 ,7:55,:),Drank coffee:Drank tea,,0
2015/10/26,2015/10/26 23:09,2015/10/27 6:05,0.77 ,6:55,:),Drank coffee:Drank tea,65,0
2015/10/27,2015/10/27 21:34,2015/10/28 5:35,0.78 ,8:01,:|,Drank coffee:Worked out,,0
2015/10/28,2015/10/28 22:28,2015/10/29 6:20,0.83 ,7:51,:|,Drank tea:Worked out,53,0
2015/10/29,2015/10/29 22:30,2015/10/30 6:10,0.81 ,7:40,:|,Drank tea:Worked out,57,0
2015/10/31,2015/10/31 1:01,2015/10/31 7:50,0.50 ,6:48,:),Drank coffee:Drank tea,,0
2015/11/2,2015/11/2 22:00,2015/11/3 6:10,0.83 ,8:09,:|,Drank coffee:Drank tea:Worked out,55,0
2015/11/3,2015/11/3 22:46,2015/11/4 6:09,0.75 ,7:23,:|,Drank coffee:Drank tea:Worked out,,0
2015/11/4,2015/11/4 22:49,2015/11/5 6:00,0.65 ,7:11,:|,Drank coffee:Drank tea:Worked out,,0
2015/11/5,2015/11/5 21:36,2015/11/6 5:29,0.77 ,7:52,:|,Drank coffee:Drank tea:Worked out,,0
2015/11/7,2015/11/7 0:19,2015/11/7 8:13,0.93 ,7:54,:),Drank coffee:Drank tea:Worked out,98,0
2015/11/8,2015/11/8 23:28,2015/11/9 6:20,0.69 ,6:52,:),Drank coffee:Drank tea,,0
2015/11/9,2015/11/9 21:59,2015/11/10 5:41,0.88 ,7:41,:),Drank coffee:Drank tea:Worked out,,0
2015/11/10,2015/11/10 22:56,2015/11/11 6:28,0.83 ,7:32,:),Drank coffee:Drank tea:Worked out,,0
2015/11/11,2015/11/11 22:57,2015/11/12 6:20,0.72 ,7:23,:),Drank coffee:Drank tea,,0
2015/11/13,2015/11/13 22:59,2015/11/14 7:46,0.96 ,8:46,:),Drank coffee:Drank tea,59,0
2015/11/15,2015/11/15 22:17,2015/11/16 6:30,0.72 ,8:13,:),Drank coffee:Drank tea,62,0
2015/11/18,2015/11/18 22:07,2015/11/19 5:30,0.80 ,7:23,:),Ate late:Drank coffee:Drank tea:Worked out,63,0
2015/11/19,2015/11/19 23:10,2015/11/20 6:00,0.73 ,6:50,:),Drank coffee:Drank tea:Worked out,62,0
2015/11/22,2015/11/22 21:57,2015/11/23 5:30,0.83 ,7:33,:),Drank tea,,0
2015/11/23,2015/11/23 22:15,2015/11/24 5:00,0.74 ,6:44,:),Drank coffee:Drank tea:Worked out,,0
2015/11/24,2015/11/24 22:33,2015/11/25 6:30,0.87 ,7:57,:),Drank coffee:Drank tea:Worked out,,0
2015/11/25,2015/11/25 23:26,2015/11/26 6:20,0.69 ,6:54,:),Drank coffee:Drank tea:Worked out,,0
2015/11/26,2015/11/26 22:25,2015/11/27 6:20,0.81 ,7:55,:),Drank coffee:Drank tea:Worked out,,0
2015/11/28,2015/11/28 1:20,2015/11/28 7:46,0.58 ,6:25,:),Drank coffee:Drank tea:Worked out,59,0
2015/11/29,2015/11/29 22:20,2015/11/30 6:20,0.68 ,7:59,:),Drank tea,,0
2015/11/30,2015/11/30 21:23,2015/12/1 6:19,0.64 ,8:55,:),Drank coffee:Drank tea:Worked out,,0
2015/12/1,2015/12/1 23:03,2015/12/2 6:20,0.84 ,7:17,:),Drank coffee:Drank tea:Worked out,57,0
2015/12/2,2015/12/2 22:19,2015/12/3 5:11,0.75 ,6:51,:),Drank coffee:Drank tea,,0
2015/12/3,2015/12/3 22:51,2015/12/4 5:01,0.70 ,6:09,:),Ate late:Drank coffee:Drank tea,,0
2015/12/6,2015/12/6 22:10,2015/12/7 5:31,0.86 ,7:20,:),Drank coffee:Drank tea,68,0
2015/12/7,2015/12/7 21:20,2015/12/8 5:00,0.86 ,7:40,:),Drank tea:Stressful day:Worked out,61,0
2015/12/8,2015/12/8 22:17,2015/12/9 5:45,0.79 ,7:28,:),Drank coffee:Drank tea:Stressful day:Worked out,,0
2015/12/9,2015/12/9 21:57,2015/12/10 6:10,0.93 ,8:13,:),Drank tea:Stressful day:Worked out,67,0
2015/12/13,2015/12/13 0:08,2015/12/13 8:23,0.77 ,8:14,:),Drank coffee,,0
2015/12/13,2015/12/13 22:07,2015/12/14 6:09,0.80 ,8:02,:),Drank coffee,52,0
2015/12/15,2015/12/15 22:32,2015/12/16 6:10,0.75 ,7:37,:),Drank coffee:Drank tea:Worked out,,0
2015/12/16,2015/12/16 22:20,2015/12/17 5:40,0.84 ,7:20,:),Drank coffee:Drank tea:Stressful day,,0
2015/12/17,2015/12/17 21:07,2015/12/18 5:45,1.00 ,8:37,:),Drank coffee:Drank tea:Worked out,,0
2015/12/20,2015/12/20 22:19,2015/12/21 6:20,0.72 ,8:00,:|,Drank coffee:Drank tea:Worked out,56,0
2015/12/21,2015/12/21 22:06,2015/12/22 5:29,0.80 ,7:23,:|,Drank coffee:Worked out,,0
2015/12/22,2015/12/22 21:41,2015/12/23 5:43,0.82 ,8:01,:),Drank coffee:Drank tea:Worked out,,0
2015/12/23,2015/12/23 22:33,2015/12/24 6:01,0.79 ,7:27,:),Drank coffee:Drank tea,,0
2015/12/29,2015/12/29 22:44,2015/12/30 7:00,0.76 ,8:16,:|,Drank coffee,,0
2016/1/1,2016/1/1 23:53,2016/1/2 8:27,0.79 ,8:33,:|,Drank coffee:Drank tea,71,0
2016/1/2,2016/1/2 23:49,2016/1/3 8:13,0.85 ,8:24,:),Drank coffee:Drank tea,65,0
2016/1/3,2016/1/3 21:44,2016/1/4 5:35,0.69 ,7:51,:),Drank coffee,,0
2016/1/4,2016/1/4 22:17,2016/1/5 5:45,0.74 ,7:28,:|,Drank coffee:Drank tea:Stressful day,,0
2016/1/5,2016/1/5 22:18,2016/1/6 6:20,0.66 ,8:01,:|,Drank coffee:Worked out,,0
2016/1/13,2016/1/13 22:44,2016/1/14 6:20,0.72 ,7:35,:|,Ate late:Drank coffee:Drank tea:Stressful day,,0
2016/1/14,2016/1/14 22:10,2016/1/15 5:28,0.73 ,7:17,:|,Drank coffee:Drank tea:Worked out,,0
2016/1/17,2016/1/17 22:00,2016/1/18 5:30,0.76 ,7:29,:|,Drank coffee:Drank tea:Worked out,,0
2016/1/18,2016/1/18 21:56,2016/1/19 5:34,0.78 ,7:38,,Ate late:Drank coffee:Drank tea,,0
2016/1/19,2016/1/19 22:46,2016/1/20 6:35,0.75 ,7:48,,Drank coffee:Drank tea:Worked out,,0
2016/1/20,2016/1/20 21:13,2016/1/21 6:29,0.77 ,9:15,,Drank coffee:Drank tea,,0
2016/1/21,2016/1/21 21:33,2016/1/22 6:23,0.79 ,8:50,,Drank coffee,,0
2016/1/22,2016/1/22 22:17,2016/1/23 8:14,0.79 ,9:57,,Drank coffee:Worked out,,0
2016/1/24,2016/1/24 22:06,2016/1/25 6:30,0.85 ,8:23,,Drank coffee:Drank tea:Worked out,,0
2016/1/25,2016/1/25 22:27,2016/1/26 6:38,0.88 ,8:10,,Drank coffee,,0
2016/1/26,2016/1/26 22:58,2016/1/27 6:28,0.83 ,7:29,,Drank coffee:Drank tea:Worked out,,0
2016/1/27,2016/1/27 22:02,2016/1/28 5:23,0.84 ,7:20,,Drank coffee:Drank tea:Worked out,,0
2016/1/28,2016/1/28 22:11,2016/1/29 5:26,0.76 ,7:15,,Drank coffee:Drank tea:Worked out,,0
2016/1/29,2016/1/29 21:47,2016/1/30 6:06,0.88 ,8:19,,Drank coffee:Drank tea:Worked out,,0
2016/1/31,2016/1/31 22:58,2016/2/1 6:19,0.78 ,7:20,,Drank coffee,,0
2016/2/1,2016/2/1 22:02,2016/2/2 5:27,0.82 ,7:25,,Drank coffee:Drank tea:Worked out,,0
2016/2/2,2016/2/2 21:47,2016/2/3 5:20,0.72 ,7:33,,Drank coffee:Worked out,,0
2016/2/3,2016/2/3 22:54,2016/2/4 6:20,0.79 ,7:26,,Drank coffee:Worked out,,0
2016/2/4,2016/2/4 22:17,2016/2/5 6:53,0.74 ,8:35,,Drank coffee:Stressful day:Worked out,,0
2016/2/5,2016/2/5 23:45,2016/2/6 7:35,0.84 ,7:50,,Drank coffee,,0
2016/2/6,2016/2/6 22:55,2016/2/7 7:35,0.91 ,8:40,,Drank tea,,0
2016/2/8,2016/2/8 0:44,2016/2/8 7:45,0.68 ,7:01,,Drank coffee:Drank tea,,0
2016/2/8,2016/2/8 22:43,2016/2/9 6:40,0.77 ,7:56,,Drank coffee:Drank tea:Worked out,,0
2016/2/9,2016/2/9 21:57,2016/2/10 5:31,0.66 ,7:33,,Drank coffee:Worked out,,0
2016/2/13,2016/2/13 23:41,2016/2/14 5:11,0.38 ,5:30,,Drank coffee,,0
2016/2/14,2016/2/14 22:07,2016/2/15 5:53,0.84 ,7:45,,Drank coffee:Stressful day,,0
2016/2/15,2016/2/15 22:07,2016/2/16 5:25,0.76 ,7:18,,Drank coffee:Worked out,,0
2016/2/16,2016/2/16 22:20,2016/2/17 5:32,0.70 ,7:12,,Drank coffee:Worked out,,0
2016/2/17,2016/2/17 21:33,2016/2/18 6:24,0.90 ,8:51,,Drank coffee:Stressful day:Worked out,,0
2016/2/18,2016/2/18 22:47,2016/2/19 6:26,0.77 ,7:39,,Drank coffee:Drank tea:Worked out,,0
2016/2/20,2016/2/20 23:12,2016/2/21 7:41,0.69 ,8:28,,Drank coffee,,0
2016/2/22,2016/2/22 22:04,2016/2/23 6:23,0.85 ,8:19,,Drank coffee,,0
2016/2/23,2016/2/23 22:18,2016/2/24 6:25,0.94 ,8:06,,Drank coffee:Worked out,,0
2016/2/24,2016/2/24 21:59,2016/2/25 5:43,0.88 ,7:44,,Drank tea:Worked out,,0
2016/2/26,2016/2/26 0:15,2016/2/26 6:35,0.68 ,6:20,,Drank tea:Worked out,,0
2016/2/27,2016/2/27 23:33,2016/2/28 7:50,0.92 ,8:17,,Drank coffee,,0
2016/2/28,2016/2/28 22:19,2016/2/29 5:45,0.64 ,7:25,,Drank tea,,0
2016/2/29,2016/2/29 21:55,2016/3/1 6:22,0.78 ,8:26,,Drank tea:Worked out,,0
2016/3/1,2016/3/1 23:22,2016/3/2 5:50,0.70 ,6:28,,Drank tea:Worked out,,0
2016/3/2,2016/3/2 22:15,2016/3/3 6:21,0.95 ,8:06,,Drank coffee:Drank tea:Worked out,,0
2016/3/3,2016/3/3 22:01,2016/3/4 6:17,0.90 ,8:16,,Drank tea:Worked out,,0
2016/3/5,2016/3/5 23:20,2016/3/6 7:31,0.98 ,8:11,,Drank tea,,0
2016/3/6,2016/3/6 23:08,2016/3/7 6:19,0.70 ,7:11,,Drank coffee:Drank tea,,0
2016/3/7,2016/3/7 22:50,2016/3/8 6:22,0.75 ,7:32,,Drank tea:Worked out,,0
2016/3/8,2016/3/8 21:40,2016/3/9 6:25,0.91 ,8:44,,Drank tea:Worked out,,0
2016/3/9,2016/3/9 22:40,2016/3/10 5:49,0.79 ,7:09,,Drank tea,,0
2016/3/10,2016/3/10 21:35,2016/3/11 5:34,0.92 ,7:58,,Drank tea:Worked out,,0
2016/3/12,2016/3/12 1:33,2016/3/12 7:50,0.69 ,6:17,,Drank coffee:Worked out,,0
2016/3/12,2016/3/12 23:44,2016/3/13 7:51,0.83 ,7:07,,Drank tea,,0
2016/3/13,2016/3/13 22:47,2016/3/14 5:40,0.82 ,6:53,,Drank tea:Worked out,,0
2016/3/14,2016/3/14 22:16,2016/3/15 5:46,0.79 ,7:29,,Drank tea:Worked out,,0
2016/3/15,2016/3/15 22:41,2016/3/16 6:25,0.85 ,7:43,,Drank coffee:Drank tea:Worked out,,0
2016/3/16,2016/3/16 22:25,2016/3/17 7:05,0.90 ,8:39,,Drank coffee:Worked out,,0
2016/3/17,2016/3/17 22:46,2016/3/18 7:08,0.98 ,8:22,,Drank coffee:Drank tea,,0
2016/3/18,2016/3/18 22:17,2016/3/19 7:47,0.87 ,9:30,,Drank coffee,,0
2016/3/20,2016/3/20 22:13,2016/3/21 7:26,0.80 ,9:13,,Drank coffee,,0
2016/3/21,2016/3/21 22:37,2016/3/22 7:32,0.80 ,8:54,,Drank coffee,,0
2016/3/22,2016/3/22 21:22,2016/3/23 6:19,0.80 ,8:56,,Drank coffee:Drank tea,,0
2016/3/23,2016/3/23 22:06,2016/3/24 5:20,0.65 ,7:13,,Drank coffee:Drank tea:Worked out,,0
2016/3/27,2016/3/27 23:28,2016/3/28 7:30,0.82 ,8:01,,Drank coffee,,0
2016/3/28,2016/3/28 23:32,2016/3/29 6:29,0.75 ,6:56,,Drank coffee:Stressful day:Worked out,,0
2016/3/29,2016/3/29 23:12,2016/3/30 6:25,0.66 ,7:13,,Drank coffee:Worked out,,0
2016/3/30,2016/3/30 22:58,2016/3/31 6:25,0.58 ,7:26,,Drank coffee:Drank tea:Worked out,,0
2016/3/31,2016/3/31 22:47,2016/4/1 6:30,0.89 ,7:42,,Drank coffee:Drank tea:Worked out,,0
2016/4/2,2016/4/2 21:20,2016/4/3 7:08,0.86 ,9:47,,Drank coffee,,0
2016/4/3,2016/4/3 21:44,2016/4/4 6:24,0.67 ,8:39,,Drank coffee,,0
2016/4/4,2016/4/4 21:23,2016/4/5 6:29,0.62 ,9:05,,Drank coffee,,0
2016/4/5,2016/4/5 21:13,2016/4/6 6:24,0.81 ,9:11,,Drank coffee:Worked out,,0
2016/4/6,2016/4/6 23:00,2016/4/7 5:55,0.73 ,6:55,,Drank coffee:Drank tea:Worked out,,0
2016/4/7,2016/4/7 21:48,2016/4/8 5:49,0.81 ,8:00,,Ate late:Drank coffee:Drank tea:Worked out,,0
2016/4/9,2016/4/9 0:51,2016/4/9 7:21,0.53 ,6:30,,Drank coffee:Drank tea:Worked out,,0
2016/4/9,2016/4/9 22:59,2016/4/10 7:59,0.94 ,9:00,,Drank coffee:Drank tea:Worked out,,0
2016/4/10,2016/4/10 22:04,2016/4/11 5:16,0.67 ,7:12,,Drank tea,,0
2016/4/11,2016/4/11 22:35,2016/4/12 5:54,0.82 ,7:19,,Drank coffee:Drank tea:Stressful day:Worked out,,0
2016/4/12,2016/4/12 22:18,2016/4/13 5:52,0.85 ,7:33,,Drank coffee:Drank tea:Worked out,,0
2016/4/13,2016/4/13 22:27,2016/4/14 6:13,0.77 ,7:45,,Drank coffee:Drank tea:Worked out,,0
2016/4/14,2016/4/14 21:43,2016/4/15 6:24,0.94 ,8:41,,Drank coffee:Drank tea:Stressful day:Worked out,,0
2016/4/15,2016/4/15 22:38,2016/4/16 7:25,0.81 ,8:47,,Drank coffee:Drank tea,,0
2016/4/17,2016/4/17 21:34,2016/4/18 6:26,0.75 ,8:52,,Drank coffee:Drank tea,,0
2016/4/19,2016/4/19 21:21,2016/4/20 6:20,0.79 ,8:59,,Drank coffee:Drank tea:Worked out,,0
2016/4/20,2016/4/20 21:25,2016/4/21 5:35,0.81 ,8:09,,Ate late:Drank coffee:Drank tea:Worked out,,0
2016/4/21,2016/4/21 21:54,2016/4/22 5:35,0.79 ,7:40,,,,0
2016/4/22,2016/4/22 5:37,2016/4/22 6:20,0.09 ,0:42,,,,0
2016/4/23,2016/4/23 0:46,2016/4/23 7:54,0.65 ,7:07,,Drank coffee:Drank tea:Worked out,,0
2016/4/24,2016/4/24 22:30,2016/4/25 6:14,0.81 ,7:43,,Drank tea,,0
2016/4/25,2016/4/25 22:07,2016/4/26 5:39,0.87 ,7:31,,Ate late:Drank coffee:Drank tea:Worked out,,0
2016/4/26,2016/4/26 22:48,2016/4/27 6:20,0.74 ,7:32,,Drank coffee:Drank tea:Worked out,,0
2016/4/27,2016/4/27 22:24,2016/4/28 6:25,0.92 ,8:01,,Drank coffee:Drank tea:Worked out,,0
2016/4/28,2016/4/28 22:23,2016/4/29 6:17,0.95 ,7:53,,Drank coffee:Drank tea:Worked out,,0
2016/4/29,2016/4/29 22:47,2016/4/30 5:57,0.81 ,7:09,,Drank coffee:Drank tea:Worked out,,0
2016/5/1,2016/5/1 21:27,2016/5/2 6:15,0.95 ,8:47,,Drank coffee:Worked out,,0
2016/5/2,2016/5/2 21:50,2016/5/3 6:20,0.85 ,8:29,,Drank coffee:Worked out,,0
2016/5/3,2016/5/3 22:19,2016/5/4 6:20,0.79 ,8:01,,Drank coffee:Worked out,,0
2016/5/4,2016/5/4 22:16,2016/5/5 6:30,0.83 ,8:13,,Drank coffee:Drank tea:Worked out,,0
2016/5/5,2016/5/5 22:20,2016/5/6 6:15,0.89 ,7:54,,Ate late:Drank coffee,,0
2016/5/6,2016/5/6 23:07,2016/5/7 7:08,0.87 ,8:00,,Drank coffee:Drank tea:Stressful day:Worked out,,0
2016/5/7,2016/5/7 23:20,2016/5/8 7:12,0.93 ,7:51,,Drank coffee:Drank tea,,0
2016/5/8,2016/5/8 23:44,2016/5/9 6:20,0.74 ,6:36,,Drank coffee:Drank tea,,0
2016/5/9,2016/5/9 22:10,2016/5/10 5:41,0.83 ,7:30,,Drank coffee:Drank tea:Worked out,,0
2016/5/10,2016/5/10 23:10,2016/5/11 5:30,0.74 ,6:20,,Drank coffee:Drank tea:Worked out,,0
2016/5/11,2016/5/11 22:43,2016/5/12 6:25,0.80 ,7:41,,Drank coffee:Drank tea:Worked out,,0
2016/5/12,2016/5/12 23:50,2016/5/13 6:50,0.83 ,6:59,,Drank coffee:Drank tea:Worked out,,0
2016/5/13,2016/5/13 23:08,2016/5/14 7:53,1.00 ,8:45,,Drank coffee:Drank tea:Worked out,,0
2016/5/15,2016/5/15 21:34,2016/5/16 6:07,0.81 ,8:33,,Drank tea,,0
2016/5/16,2016/5/16 21:34,2016/5/17 6:15,0.85 ,8:40,,Drank coffee:Worked out,,0
2016/5/17,2016/5/17 20:53,2016/5/18 6:10,0.83 ,9:16,,Drank coffee:Worked out,,0
2016/5/18,2016/5/18 22:26,2016/5/19 5:40,0.79 ,7:14,,Drank coffee:Stressful day,,0
2016/5/20,2016/5/20 0:00,2016/5/20 6:30,0.76 ,6:30,,Drank coffee:Worked out,,0
2016/5/20,2016/5/20 23:14,2016/5/21 7:34,0.91 ,8:19,,Drank coffee:Worked out,,0
2016/5/23,2016/5/23 22:34,2016/5/24 5:30,0.75 ,6:55,,Drank coffee,,0
2016/5/24,2016/5/24 22:00,2016/5/25 5:35,0.90 ,7:35,,Drank coffee:Worked out,,0
2016/5/25,2016/5/25 22:21,2016/5/26 6:31,0.88 ,8:09,,Drank coffee:Worked out,,0
2016/5/26,2016/5/26 22:08,2016/5/27 6:19,0.89 ,8:11,,Drank coffee:Worked out,,0
2016/5/28,2016/5/28 0:19,2016/5/28 7:15,0.72 ,6:56,,Drank coffee:Worked out,,0
2016/5/29,2016/5/29 22:04,2016/5/30 6:40,1.00 ,8:36,,Drank coffee,,0
2016/5/30,2016/5/30 22:07,2016/5/31 6:08,0.72 ,8:00,,Drank coffee:Stressful day,,0
2016/5/31,2016/5/31 23:02,2016/6/1 6:31,0.70 ,7:28,,Drank coffee:Worked out,,0
2016/6/1,2016/6/1 23:01,2016/6/2 5:48,0.67 ,6:46,,Drank coffee:Worked out,,0
2016/6/2,2016/6/2 22:51,2016/6/3 5:31,0.65 ,6:39,,Drank coffee:Worked out,,0
2016/6/5,2016/6/5 22:33,2016/6/6 5:51,0.71 ,7:18,,Worked out,,0
2016/6/6,2016/6/6 23:26,2016/6/7 5:31,0.70 ,6:05,,Drank coffee:Worked out,,0
2016/6/7,2016/6/7 22:32,2016/6/8 5:32,0.77 ,6:59,,Drank coffee:Worked out,,0
2016/6/8,2016/6/8 21:56,2016/6/9 6:16,0.76 ,8:20,,Drank coffee:Worked out,,0
2016/6/9,2016/6/9 22:07,2016/6/10 6:35,0.87 ,8:27,,Ate late:Drank coffee:Worked out,,0
2016/6/11,2016/6/11 22:42,2016/6/12 8:41,0.93 ,9:58,,Drank tea,,0
2016/6/12,2016/6/12 22:52,2016/6/13 6:32,0.77 ,7:39,,Drank tea,,0
2016/6/13,2016/6/13 22:03,2016/6/14 6:26,0.82 ,8:22,,Drank tea:Worked out,,0
2016/6/14,2016/6/14 22:32,2016/6/15 6:30,0.68 ,7:58,,Drank coffee:Drank tea,,0
2016/6/16,2016/6/16 0:46,2016/6/16 6:25,0.64 ,5:38,,Drank coffee:Drank tea:Worked out,,0
2016/6/16,2016/6/16 22:06,2016/6/17 6:01,0.83 ,7:54,,Drank coffee:Drank tea:Worked out,,0
2016/6/17,2016/6/17 23:28,2016/6/18 7:23,0.79 ,7:54,,Drank coffee:Drank tea:Worked out,,0
2016/6/19,2016/6/19 23:00,2016/6/20 6:00,0.74 ,6:59,,Drank coffee,,0
2016/6/20,2016/6/20 22:34,2016/6/21 5:50,0.83 ,7:15,,Drank coffee:Worked out,,0
2016/6/21,2016/6/21 22:11,2016/6/22 5:40,0.83 ,7:29,,Drank coffee:Worked out,,0
2016/6/22,2016/6/22 22:41,2016/6/23 6:22,0.82 ,7:41,,Drank coffee:Worked out,,0
2016/6/23,2016/6/23 22:32,2016/6/24 6:32,0.86 ,8:00,,Drank coffee:Worked out,,0
2016/6/26,2016/6/26 22:16,2016/6/27 6:30,0.64 ,8:14,,Drank coffee,,0
2016/6/27,2016/6/27 23:48,2016/6/28 6:47,0.62 ,6:58,,Drank coffee:Stressful day:Worked out,,0
2016/6/28,2016/6/28 23:10,2016/6/29 6:35,0.77 ,7:25,,Drank coffee:Worked out,,0
2016/6/29,2016/6/29 22:32,2016/6/30 5:55,0.83 ,7:23,,Drank coffee:Stressful day:Worked out,,0
2016/7/1,2016/7/1 23:32,2016/7/2 7:32,0.90 ,8:00,,Drank coffee,,0
2016/7/3,2016/7/3 21:49,2016/7/4 6:02,0.86 ,8:12,,,,0
2016/7/4,2016/7/4 21:39,2016/7/5 5:50,0.85 ,8:11,,Drank coffee:Worked out,,0
2016/7/5,2016/7/5 22:48,2016/7/6 6:05,0.75 ,7:16,,Drank coffee:Stressful day:Worked out,,0
2016/7/6,2016/7/6 22:13,2016/7/7 6:15,0.92 ,8:02,,Drank coffee:Worked out,,0
2016/7/7,2016/7/7 22:53,2016/7/8 7:05,0.96 ,8:12,,Drank coffee:Worked out,,0
2016/7/10,2016/7/10 22:18,2016/7/11 6:17,0.85 ,7:59,,Drank coffee,,0
2016/7/11,2016/7/11 21:24,2016/7/12 6:15,0.99 ,8:50,,Drank coffee:Worked out,,0
2016/7/12,2016/7/12 22:02,2016/7/13 6:15,0.96 ,8:13,,Drank coffee:Worked out,,0
2016/7/13,2016/7/13 23:13,2016/7/14 6:15,0.78 ,7:02,,Drank coffee:Worked out,,0
2016/7/14,2016/7/14 22:39,2016/7/15 6:15,0.84 ,7:35,,Drank coffee:Stressful day:Worked out,,0
2016/7/16,2016/7/16 0:32,2016/7/16 8:19,0.87 ,7:47,,Drank coffee:Worked out,,0
2016/7/16,2016/7/16 23:20,2016/7/17 7:31,0.98 ,8:10,,Drank coffee:Worked out,,0
2016/7/17,2016/7/17 22:23,2016/7/18 6:00,0.76 ,7:37,,Drank coffee:Worked out,,0
2016/7/18,2016/7/18 22:57,2016/7/19 6:05,0.77 ,7:08,,Drank coffee:Stressful day:Worked out,,0
2016/7/19,2016/7/19 22:36,2016/7/20 5:50,0.77 ,7:14,,Drank coffee:Worked out,,0
2016/7/20,2016/7/20 22:25,2016/7/21 5:56,0.82 ,7:30,,Drank coffee:Worked out,,0
2016/7/21,2016/7/21 23:07,2016/7/22 7:00,0.87 ,7:52,,Drank coffee:Worked out,,0
2016/7/22,2016/7/22 22:20,2016/7/23 7:56,0.99 ,9:35,,Drank coffee,,0
2016/7/23,2016/7/23 23:47,2016/7/24 7:56,0.74 ,8:09,,Drank coffee,,0
2016/7/24,2016/7/24 22:45,2016/7/25 6:14,0.81 ,7:28,,Drank coffee:Worked out,,0
2016/7/25,2016/7/25 21:54,2016/7/26 6:02,0.86 ,8:07,,Drank coffee:Worked out,,0
2016/7/26,2016/7/26 23:03,2016/7/27 6:11,0.84 ,7:07,,Drank coffee:Worked out,,0
2016/7/27,2016/7/27 22:49,2016/7/28 7:11,0.95 ,8:21,,Drank coffee:Stressful day:Worked out,,0
2016/7/28,2016/7/28 22:25,2016/7/29 3:35,0.35 ,5:10,,Drank coffee,,0
2016/8/16,2016/8/16 22:05,2016/8/17 5:50,0.96 ,7:44,,Drank coffee:Drank tea:Stressful day,,0
2016/8/17,2016/8/17 22:42,2016/8/18 6:15,0.78 ,7:33,,Ate late:Drank coffee:Worked out,,7200
2016/8/18,2016/8/18 21:58,2016/8/19 6:23,0.36 ,8:24,,Drank coffee:Worked out,,3444
2016/8/20,2016/8/20 22:04,2016/8/21 8:33,0.56 ,10:28,,Drank coffee,,7901
2016/8/21,2016/8/21 22:08,2016/8/22 6:20,0.52 ,8:11,,Drank coffee:Drank tea,,3786
2016/8/22,2016/8/22 22:13,2016/8/23 6:22,0.35 ,8:09,,Drank coffee:Worked out,,2668
2016/8/23,2016/8/23 23:08,2016/8/24 6:38,0.51 ,7:30,,Drank coffee:Worked out,,4213
2016/8/24,2016/8/24 21:51,2016/8/25 6:10,0.54 ,8:19,,Drank coffee:Worked out,,2210
2016/8/25,2016/8/25 22:06,2016/8/26 6:19,0.55 ,8:13,,Drank coffee:Worked out,,3040
2016/8/26,2016/8/26 23:49,2016/8/27 7:26,0.46 ,7:37,,Drank coffee:Worked out,,3887
2016/8/27,2016/8/27 23:52,2016/8/28 8:25,0.48 ,8:33,,Drank coffee,,5631
2016/8/28,2016/8/28 22:52,2016/8/29 6:40,0.36 ,7:48,,Drank coffee,,10059
2016/8/29,2016/8/29 22:10,2016/8/30 6:20,0.40 ,8:09,,Drank coffee:Worked out,,3698
2016/8/30,2016/8/30 22:21,2016/8/31 6:20,0.49 ,7:59,,Drank coffee:Worked out,,4399
2016/8/31,2016/8/31 22:33,2016/9/1 6:20,0.49 ,7:47,,Drank coffee:Worked out,,4015
2016/9/1,2016/9/1 23:08,2016/9/2 5:58,0.54 ,6:50,,Drank coffee:Worked out,,4374
2016/9/2,2016/9/2 22:38,2016/9/3 7:47,0.67 ,9:09,,Drank coffee,,5038
2016/9/4,2016/9/4 23:28,2016/9/5 8:00,0.61 ,8:32,,Drank coffee,,827
2016/9/5,2016/9/5 21:00,2016/9/6 6:20,0.41 ,9:20,,Drank tea:Worked out,,2542
2016/9/6,2016/9/6 22:11,2016/9/7 6:22,0.70 ,8:10,,Drank tea:Worked out,,7370
2016/9/7,2016/9/7 22:31,2016/9/8 6:21,0.69 ,7:50,,Drank tea:Worked out,,5658
2016/9/8,2016/9/8 22:28,2016/9/9 6:10,0.61 ,7:41,,Drank tea:Worked out,,7107
2016/9/10,2016/9/10 0:45,2016/9/10 7:06,0.58 ,6:21,,Drank coffee:Worked out,,7048
2016/9/10,2016/9/10 22:44,2016/9/11 6:01,0.33 ,7:17,,Drank tea,,6925
2016/9/11,2016/9/11 23:05,2016/9/12 6:20,0.60 ,7:14,,Drank coffee,,1130
2016/9/12,2016/9/12 22:46,2016/9/13 6:20,0.67 ,7:34,,Drank tea:Worked out,,7025
2016/9/13,2016/9/13 21:55,2016/9/14 6:07,0.59 ,8:12,,Drank tea:Worked out,,5955
2016/9/14,2016/9/14 22:26,2016/9/15 6:20,0.65 ,7:53,,Drank tea:Worked out,,9243
2016/9/17,2016/9/17 22:26,2016/9/18 8:22,0.70 ,9:56,,Drank coffee,,908
2016/9/18,2016/9/18 22:28,2016/9/19 6:24,0.57 ,7:55,,Drank coffee:Worked out,,2191
2016/9/19,2016/9/19 22:14,2016/9/20 6:22,0.60 ,8:07,,Drank tea:Worked out,,11650
2016/9/20,2016/9/20 22:39,2016/9/21 6:15,0.57 ,7:36,,Drank tea:Worked out,,10842
2016/9/21,2016/9/21 22:11,2016/9/22 6:11,0.60 ,7:59,,Drank tea,,5765
2016/9/22,2016/9/22 22:26,2016/9/23 6:55,0.70 ,8:29,,Drank tea:Worked out,,8047
2016/9/25,2016/9/25 22:53,2016/9/26 6:24,0.58 ,7:31,,Drank coffee:Drank tea:Worked out,,359
2016/9/26,2016/9/26 22:17,2016/9/27 6:20,0.55 ,8:03,,Drank tea:Stressful day:Worked out,,8733
2016/9/27,2016/9/27 22:22,2016/9/28 6:06,0.55 ,7:44,,Drank tea:Worked out,,6963
2016/9/28,2016/9/28 23:10,2016/9/29 6:20,0.60 ,7:09,,Drank coffee:Drank tea:Worked out,,10392
2016/9/29,2016/9/29 22:50,2016/9/30 6:20,0.53 ,7:29,,Drank coffee:Worked out,,7230
2016/10/1,2016/10/1 0:06,2016/10/1 8:27,0.67 ,8:20,,Drank coffee:Drank tea:Worked out,,7255
2016/10/1,2016/10/1 23:23,2016/10/2 7:50,0.55 ,8:26,,Drank coffee,,4555
2016/10/2,2016/10/2 23:29,2016/10/3 6:25,0.54 ,6:56,,Drank coffee:Drank tea,,8954
2016/10/3,2016/10/3 22:24,2016/10/4 6:03,0.62 ,7:38,,Drank coffee:Drank tea:Worked out,,9726
2016/10/4,2016/10/4 21:53,2016/10/5 6:21,0.66 ,8:28,,Drank tea:Worked out,,8587
2016/10/5,2016/10/5 22:33,2016/10/6 6:21,0.54 ,7:48,,Drank tea:Worked out,,8612
2016/10/7,2016/10/7 0:07,2016/10/7 6:40,0.52 ,6:33,,Drank tea:Worked out,,8737
2016/10/7,2016/10/7 23:18,2016/10/8 7:20,0.71 ,8:02,,Drank coffee:Drank tea:Worked out,,10375
2016/10/10,2016/10/10 22:38,2016/10/11 6:28,0.59 ,7:49,,Drank coffee:Drank tea:Worked out,,21870
2016/10/11,2016/10/11 22:28,2016/10/12 6:14,0.56 ,7:45,,Drank tea:Worked out,,10106
2016/10/12,2016/10/12 22:48,2016/10/13 6:05,0.65 ,7:16,,Drank coffee:Worked out,,9308
2016/10/13,2016/10/13 22:26,2016/10/14 6:30,0.61 ,8:04,,Drank coffee:Worked out,,8406
2016/10/15,2016/10/15 23:00,2016/10/16 7:31,0.71 ,8:30,,Drank coffee,,779
2016/10/16,2016/10/16 22:52,2016/10/17 6:20,0.50 ,7:27,,Drank coffee:Drank tea,,3932
2016/10/17,2016/10/17 22:53,2016/10/18 6:27,0.63 ,7:34,,Drank coffee:Drank tea:Worked out,,10266
2016/10/18,2016/10/18 22:34,2016/10/19 6:10,0.67 ,7:35,,Drank coffee:Stressful day:Worked out,,10540
2016/10/19,2016/10/19 22:13,2016/10/20 5:49,0.64 ,7:35,,Drank coffee:Worked out,,8164
2016/10/20,2016/10/20 22:14,2016/10/21 6:33,0.67 ,8:19,,Drank coffee:Drank tea:Worked out,,7271
2016/10/22,2016/10/22 1:38,2016/10/22 7:18,0.54 ,5:39,,Drank coffee:Drank tea,,6044
2016/10/23,2016/10/23 0:07,2016/10/23 8:47,0.81 ,8:40,,Drank coffee,,7682
2016/10/23,2016/10/23 22:21,2016/10/24 6:23,0.66 ,8:01,,Drank coffee:Drank tea,,6719
2016/10/24,2016/10/24 23:04,2016/10/25 6:25,0.65 ,7:21,,Drank coffee:Drank tea:Worked out,,8273
2016/10/25,2016/10/25 22:48,2016/10/26 6:35,0.69 ,7:46,,Drank tea:Worked out,,6366
2016/10/26,2016/10/26 22:55,2016/10/27 6:26,0.72 ,7:30,,Drank coffee:Drank tea:Worked out,,9368
2016/10/27,2016/10/27 23:03,2016/10/28 6:35,0.63 ,7:32,,Drank coffee:Drank tea:Worked out,,7967
2016/10/29,2016/10/29 0:16,2016/10/29 7:51,0.66 ,7:34,,Drank coffee:Drank tea,,8641
2016/10/30,2016/10/30 22:46,2016/10/31 6:10,0.68 ,7:23,,Drank coffee:Worked out,,1283
2016/11/1,2016/11/1 22:19,2016/11/2 5:57,0.68 ,7:37,,Drank tea:Stressful day:Worked out,,4542
2016/11/2,2016/11/2 22:52,2016/11/3 6:30,0.72 ,7:38,,Drank coffee:Drank tea:Stressful day,,2870
2016/11/4,2016/11/4 0:13,2016/11/4 6:15,0.52 ,6:01,,Drank coffee:Drank tea:Stressful day,,10506
2016/11/4,2016/11/4 22:49,2016/11/5 7:58,0.80 ,9:08,,Drank coffee:Stressful day,,6716
2016/11/6,2016/11/6 21:58,2016/11/7 5:47,0.65 ,7:49,,Drank coffee,,6623
2016/11/7,2016/11/7 22:16,2016/11/8 5:51,0.70 ,7:35,,Drank tea:Worked out,,6608
2016/11/8,2016/11/8 22:51,2016/11/9 5:48,0.62 ,6:56,,Drank coffee:Drank tea:Worked out,,7119
2016/11/9,2016/11/9 22:37,2016/11/10 5:55,0.65 ,7:17,,Drank coffee:Drank tea:Worked out,,8981
2016/11/10,2016/11/10 23:58,2016/11/11 7:19,0.56 ,7:20,,Drank coffee:Drank tea:Worked out,,7385
2016/11/11,2016/11/11 23:25,2016/11/12 7:16,0.74 ,7:51,,Drank coffee:Drank tea,,737
2016/11/15,2016/11/15 22:14,2016/11/16 7:35,0.72 ,9:20,,Drank tea,,5274
2016/11/16,2016/11/16 23:10,2016/11/17 7:07,0.70 ,7:56,,Drank coffee,,2670
2016/11/17,2016/11/17 23:15,2016/11/18 6:59,0.73 ,7:44,,Drank tea,,5825
2016/11/18,2016/11/18 23:37,2016/11/19 7:13,0.70 ,7:36,,Drank coffee:Drank tea,,5971
2016/11/19,2016/11/19 23:47,2016/11/20 7:53,0.81 ,8:05,,Drank tea,,1540
2016/11/20,2016/11/20 23:00,2016/11/21 7:02,0.80 ,8:01,,Drank coffee:Drank tea,,847
2016/11/21,2016/11/21 22:38,2016/11/22 5:40,0.68 ,7:01,,Drank coffee:Drank tea,,6149
2016/11/22,2016/11/22 21:26,2016/11/23 5:40,0.80 ,8:13,,Drank tea:Worked out,,10585
2016/11/23,2016/11/23 22:44,2016/11/24 6:10,0.73 ,7:25,,Drank coffee:Drank tea:Worked out,,10248
2016/11/24,2016/11/24 22:00,2016/11/25 6:39,0.88 ,8:39,,Drank tea:Worked out,,6536
2016/11/25,2016/11/25 23:09,2016/11/26 7:40,0.89 ,8:30,,Drank coffee:Drank tea,,5628
2016/11/27,2016/11/27 22:01,2016/11/28 6:18,0.75 ,8:16,,Drank tea,,595
2016/11/28,2016/11/28 22:35,2016/11/29 6:26,0.83 ,7:50,,Drank tea:Worked out,,7499
2016/11/29,2016/11/29 23:33,2016/11/30 6:31,0.71 ,6:57,,Drank tea,,3196
2016/11/30,2016/11/30 21:12,2016/12/1 5:13,0.89 ,8:01,,Drank coffee:Drank tea,,3763
2016/12/1,2016/12/1 5:14,2016/12/1 6:38,0.17 ,1:24,,,,3763
2016/12/1,2016/12/1 21:40,2016/12/2 5:11,0.71 ,7:31,,Drank tea,,4904
2016/12/4,2016/12/4 1:18,2016/12/4 9:20,0.89 ,8:02,,Drank coffee:Drank tea,,3158
2016/12/4,2016/12/4 21:45,2016/12/5 5:45,0.78 ,8:00,,Drank tea,,4514
2016/12/5,2016/12/5 21:44,2016/12/6 5:40,0.79 ,7:55,,Drank tea:Worked out,,7137
2016/12/6,2016/12/6 22:13,2016/12/7 5:46,0.72 ,7:32,,Drank tea:Worked out,,7709
2016/12/7,2016/12/7 22:46,2016/12/8 6:19,0.82 ,7:32,,Drank coffee:Drank tea:Worked out,,10521
2016/12/8,2016/12/8 23:32,2016/12/9 6:47,0.69 ,7:15,,Drank coffee:Drank tea:Worked out,,9338
2016/12/9,2016/12/9 22:48,2016/12/10 8:11,0.79 ,9:23,,Drank tea,,4629
2016/12/11,2016/12/11 1:07,2016/12/11 8:27,0.82 ,7:19,,Drank coffee:Worked out,,5776
2016/12/11,2016/12/11 22:14,2016/12/12 6:16,0.85 ,8:01,,Drank tea,,168
2016/12/12,2016/12/12 22:56,2016/12/13 6:35,0.81 ,7:38,,Drank coffee:Drank tea,,6964
2016/12/13,2016/12/13 22:02,2016/12/14 6:05,0.83 ,8:02,,Drank coffee:Drank tea:Worked out,,3448
2016/12/14,2016/12/14 21:57,2016/12/15 6:18,0.74 ,8:20,,Drank tea,,4114
2016/12/15,2016/12/15 21:29,2016/12/16 5:00,0.75 ,7:31,,Drank tea,,7112
2016/12/18,2016/12/18 22:35,2016/12/19 5:47,0.78 ,7:11,,Drank coffee:Drank tea,,3391
2016/12/19,2016/12/19 21:49,2016/12/20 6:35,0.96 ,8:46,,Drank tea,,2335
2016/12/20,2016/12/20 23:48,2016/12/21 7:09,0.84 ,7:20,,Drank tea,,7293
2016/12/21,2016/12/21 23:56,2016/12/22 7:30,0.86 ,7:33,,Drank coffee:Drank tea,,8488
2016/12/22,2016/12/22 23:07,2016/12/23 7:07,0.74 ,8:00,,Drank coffee:Drank tea:Stressful day,,5701
2016/12/27,2016/12/27 23:17,2016/12/28 7:22,0.69 ,8:05,,Drank coffee:Drank tea,,4509
2016/12/30,2016/12/30 23:25,2016/12/31 8:26,0.92 ,9:00,,Drank coffee:Drank tea,,3868
2017/1/2,2017/1/2 22:35,2017/1/3 5:10,0.73 ,6:34,,Drank coffee:Drank tea,,5216
2017/1/3,2017/1/3 5:11,2017/1/3 6:30,0.17 ,1:19,,,,5216
2017/1/3,2017/1/3 21:47,2017/1/4 5:57,0.87 ,8:09,,Drank tea,,3669
2017/1/4,2017/1/4 22:40,2017/1/5 6:10,0.87 ,7:29,,Drank coffee:Drank tea:Worked out,,10856
2017/1/5,2017/1/5 22:39,2017/1/6 6:42,0.93 ,8:02,,Drank tea:Worked out,,7787
2017/1/6,2017/1/6 23:14,2017/1/7 8:43,0.90 ,9:29,,Drank coffee:Drank tea,,10344
2017/1/8,2017/1/8 0:34,2017/1/8 7:56,0.79 ,7:22,,Drank tea,,3094
2017/1/8,2017/1/8 22:07,2017/1/9 6:23,0.84 ,8:16,,Drank tea,,202
2017/1/9,2017/1/9 22:42,2017/1/10 6:40,0.65 ,7:57,,Drank coffee:Drank tea,,7122
2017/1/10,2017/1/10 22:20,2017/1/11 6:14,0.84 ,7:54,,Drank coffee:Drank tea,,1734
2017/1/11,2017/1/11 22:14,2017/1/12 5:22,0.73 ,7:07,,Drank coffee:Drank tea,,2562
2017/1/12,2017/1/12 22:13,2017/1/13 5:31,0.64 ,7:17,,Ate late:Drank coffee:Drank tea,,8076
2017/1/13,2017/1/13 23:27,2017/1/14 7:22,0.89 ,7:54,,Drank tea:Worked out,,12802
2017/1/15,2017/1/15 23:25,2017/1/16 6:58,0.74 ,7:32,,Drank coffee:Drank tea:Worked out,,12258
2017/1/16,2017/1/16 21:58,2017/1/17 5:11,0.71 ,7:12,,Drank tea,,4540
2017/1/17,2017/1/17 5:12,2017/1/17 7:20,0.24 ,2:08,,,,4540
2017/1/17,2017/1/17 22:23,2017/1/18 5:01,0.57 ,6:37,,Drank tea,,173
2017/1/18,2017/1/18 22:22,2017/1/19 6:31,0.76 ,8:09,,Drank tea,,6368
2017/1/19,2017/1/19 22:14,2017/1/20 6:30,0.92 ,8:15,,Drank coffee:Drank tea,,1740
2017/1/20,2017/1/20 23:07,2017/1/21 7:45,0.78 ,8:38,,Drank tea,,5056
2017/1/21,2017/1/21 23:12,2017/1/22 7:42,0.96 ,8:29,,Drank tea,,4223
2017/1/22,2017/1/22 22:03,2017/1/23 6:25,0.64 ,8:22,,Drank tea,,4336
2017/1/23,2017/1/23 22:34,2017/1/24 6:09,0.89 ,7:35,,Drank coffee:Drank tea,,4772
2017/1/24,2017/1/24 22:55,2017/1/25 6:13,0.84 ,7:17,,Drank coffee:Drank tea,,3492
2017/1/25,2017/1/25 20:54,2017/1/26 5:09,0.85 ,8:15,,Drank tea:Worked out,,6010
2017/1/26,2017/1/26 22:12,2017/1/27 4:58,0.54 ,6:45,,Drank coffee:Drank tea:Worked out,,4200
2017/1/27,2017/1/27 4:58,2017/1/27 6:40,0.21 ,1:42,,,,4200
2017/1/27,2017/1/27 23:22,2017/1/28 7:25,0.91 ,8:02,,Drank coffee:Drank tea,,4573
2017/1/30,2017/1/30 23:27,2017/1/31 6:01,0.63 ,6:34,,Drank coffee,,3228
2017/1/31,2017/1/31 22:44,2017/2/1 6:20,0.78 ,7:36,,Drank coffee:Drank tea:Worked out,,5379
2017/2/1,2017/2/1 22:41,2017/2/2 6:10,0.74 ,7:29,,Drank coffee:Drank tea:Worked out,,7521
2017/2/2,2017/2/2 22:19,2017/2/3 6:31,0.85 ,8:11,,Drank coffee:Drank tea,,2309
2017/2/3,2017/2/3 23:58,2017/2/4 7:08,0.80 ,7:09,,Drank coffee:Drank tea,,2983
2017/2/4,2017/2/4 23:45,2017/2/5 7:20,0.68 ,7:35,,Drank coffee:Drank tea,,6833
2017/2/5,2017/2/5 22:53,2017/2/6 6:30,0.75 ,7:36,,Drank coffee:Drank tea,,7665
2017/2/6,2017/2/6 22:30,2017/2/7 6:20,0.71 ,7:50,,Ate late:Drank coffee:Drank tea:Worked out,,7552
2017/2/7,2017/2/7 23:34,2017/2/8 6:30,0.71 ,6:55,,Drank coffee:Drank tea,,5339
2017/2/8,2017/2/8 23:46,2017/2/9 6:27,0.68 ,6:40,,Drank coffee:Drank tea,,4076
2017/2/9,2017/2/9 22:31,2017/2/10 5:00,0.62 ,6:28,,Drank coffee:Drank tea:Stressful day:Worked out,,12892
2017/2/10,2017/2/10 5:00,2017/2/10 6:36,0.21 ,1:36,,,,12892
2017/2/10,2017/2/10 22:37,2017/2/11 7:07,1.00 ,8:30,,Drank tea,,3417
2017/2/12,2017/2/12 21:49,2017/2/13 7:06,0.63 ,9:16,,Drank coffee:Drank tea,,2756
2017/2/13,2017/2/13 21:51,2017/2/14 5:02,0.74 ,7:10,,Drank coffee:Drank tea,,6003
2017/2/14,2017/2/14 5:02,2017/2/14 6:36,0.12 ,1:33,,,,6003
2017/2/14,2017/2/14 23:17,2017/2/15 6:13,0.59 ,6:55,,Drank coffee:Drank tea,,3588
2017/2/15,2017/2/15 22:36,2017/2/16 6:25,0.44 ,7:48,,Drank coffee:Drank tea,,5558
2017/2/16,2017/2/16 22:33,2017/2/17 6:31,0.83 ,7:58,,Drank coffee:Drank tea,,3301
2017/2/17,2017/2/17 23:49,2017/2/18 8:09,0.93 ,8:20,,Drank coffee:Drank tea,,3027
2017/2/19,2017/2/19 0:28,2017/2/19 8:16,0.79 ,7:48,,Drank tea,,3361
2017/2/19,2017/2/19 22:12,2017/2/20 6:16,0.66 ,8:04,,Drank coffee:Drank tea,,460
2017/2/20,2017/2/20 22:43,2017/2/21 6:27,0.76 ,7:43,,Drank tea,,7419
2017/2/21,2017/2/21 23:14,2017/2/22 6:26,0.72 ,7:11,,Drank coffee:Drank tea,,5499
2017/2/22,2017/2/22 21:30,2017/2/23 5:02,0.83 ,7:31,,Drank tea,,4258
2017/2/23,2017/2/23 22:15,2017/2/24 5:34,0.81 ,7:19,,Drank coffee:Drank tea,,5862
2017/2/24,2017/2/24 5:34,2017/2/24 6:30,0.12 ,0:55,,,,5862
2017/2/25,2017/2/25 2:46,2017/2/25 9:52,0.80 ,7:06,,Ate late:Drank coffee:Drank tea:Worked out,,6388
2017/2/26,2017/2/26 0:40,2017/2/26 7:47,0.77 ,7:07,,Drank tea,,4275
2017/2/27,2017/2/27 22:16,2017/2/28 5:50,0.81 ,7:34,,Drank coffee,,2499
2017/2/28,2017/2/28 21:39,2017/3/1 5:40,0.87 ,8:01,,Drank coffee:Drank tea:Worked out,,7351
2017/3/1,2017/3/1 5:43,2017/3/1 6:40,0.12 ,0:57,,,,7351
2017/3/1,2017/3/1 22:23,2017/3/2 6:30,0.85 ,8:07,,Drank coffee:Drank tea,,6109
2017/3/2,2017/3/2 22:22,2017/3/3 6:18,0.81 ,7:55,,Drank coffee:Drank tea:Worked out,,6388
2017/3/5,2017/3/5 0:12,2017/3/5 8:28,0.96 ,8:16,,Drank coffee:Drank tea,,6785
2017/3/5,2017/3/5 22:01,2017/3/6 6:08,0.93 ,8:07,,Drank coffee:Drank tea,,171
2017/3/6,2017/3/6 22:01,2017/3/7 6:22,0.97 ,8:21,,Drank coffee:Drank tea,,4670
2017/3/7,2017/3/7 22:13,2017/3/8 6:15,0.90 ,8:01,,Drank coffee:Drank tea:Worked out,,7000
2017/3/8,2017/3/8 21:13,2017/3/9 6:18,0.85 ,9:05,,Drank coffee:Drank tea,,3744
2017/3/9,2017/3/9 21:48,2017/3/10 5:01,0.71 ,7:13,,Drank coffee:Drank tea:Worked out,,7028
2017/3/10,2017/3/10 22:42,2017/3/11 6:57,0.86 ,8:14,,Drank coffee:Drank tea,,2679
2017/3/12,2017/3/12 22:39,2017/3/13 6:33,0.80 ,7:53,,Drank coffee:Drank tea,,1572
2017/3/13,2017/3/13 21:20,2017/3/14 5:02,0.81 ,7:42,,Drank tea:Worked out,,6212
2017/3/14,2017/3/14 21:06,2017/3/15 5:23,0.89 ,8:17,,Drank tea:Worked out,,5933
2017/3/15,2017/3/15 22:33,2017/3/16 6:17,0.71 ,7:44,,Drank coffee:Drank tea:Worked out,,9185
2017/3/16,2017/3/16 22:33,2017/3/17 6:37,0.95 ,8:04,,Drank coffee:Drank tea:Worked out,,7887
2017/3/17,2017/3/17 22:55,2017/3/18 8:02,0.99 ,9:07,,Drank coffee:Drank tea,,10528
2017/3/18,2017/3/18 22:26,2017/3/19 7:21,0.89 ,8:54,,Drank tea,,302
2017/3/20,2017/3/20 0:02,2017/3/20 7:20,0.79 ,7:18,,Drank coffee:Drank tea,,2750
2017/3/20,2017/3/20 23:35,2017/3/21 7:16,0.88 ,7:41,,Drank coffee:Drank tea,,3695
2017/3/21,2017/3/21 23:20,2017/3/22 6:21,0.79 ,7:01,,Drank coffee:Drank tea,,1913
2017/3/22,2017/3/22 22:02,2017/3/23 5:15,0.72 ,7:12,,Drank tea:Worked out,,7155
2017/3/23,2017/3/23 22:20,2017/3/24 5:41,0.76 ,7:21,,Drank coffee:Drank tea:Worked out,,7810
2017/3/25,2017/3/25 23:19,2017/3/26 7:16,1.00 ,7:56,,Drank coffee:Drank tea,,3549
2017/3/26,2017/3/26 22:03,2017/3/27 5:33,0.83 ,7:29,,Drank coffee:Drank tea:Worked out,,3554
2017/3/27,2017/3/27 21:19,2017/3/28 5:42,0.78 ,8:22,,Drank tea:Worked out,,7562
2017/3/28,2017/3/28 22:29,2017/3/29 5:41,0.78 ,7:11,,Drank coffee:Drank tea:Worked out,,7823
2017/3/29,2017/3/29 22:29,2017/3/30 6:04,0.79 ,7:34,,Drank coffee:Drank tea:Worked out,,7708
2017/3/30,2017/3/30 22:42,2017/3/31 7:33,0.93 ,8:51,,Drank coffee:Drank tea:Worked out,,8615
2017/4/1,2017/4/1 2:10,2017/4/1 8:37,0.80 ,6:27,,Drank coffee:Drank tea,,9461
2017/4/1,2017/4/1 21:22,2017/4/2 7:16,0.95 ,9:54,,Drank tea,,4595
2017/4/2,2017/4/2 22:01,2017/4/3 6:20,0.90 ,8:19,,Drank coffee:Drank tea:Worked out,,2835
2017/4/3,2017/4/3 21:58,2017/4/4 6:01,0.92 ,8:03,,Drank tea,,1898
2017/4/4,2017/4/4 22:01,2017/4/5 6:11,0.81 ,8:09,,Drank tea:Worked out,,8396
2017/4/5,2017/4/5 23:45,2017/4/6 6:20,0.73 ,6:35,,Drank coffee:Drank tea:Worked out,,7948
2017/4/6,2017/4/6 23:12,2017/4/7 6:20,0.68 ,7:07,,Drank coffee:Drank tea:Worked out,,14408
2017/4/8,2017/4/8 0:00,2017/4/8 7:30,0.75 ,7:29,,Drank coffee:Drank tea:Worked out,,8646
2017/4/10,2017/4/10 0:52,2017/4/10 6:32,0.65 ,5:40,,Drank coffee,,771
2017/4/10,2017/4/10 22:21,2017/4/11 5:41,0.70 ,7:19,,Drank tea:Worked out,,11355
2017/4/11,2017/4/11 6:03,2017/4/11 6:31,0.06 ,0:27,,,,0
2017/4/11,2017/4/11 22:39,2017/4/12 5:55,0.67 ,7:16,,,,4153
2017/4/12,2017/4/12 21:42,2017/4/13 6:54,0.74 ,9:11,,Drank tea,,1318
2017/4/13,2017/4/13 23:52,2017/4/14 8:05,0.83 ,8:12,,Drank coffee:Drank tea,,889
2017/4/14,2017/4/14 21:45,2017/4/15 7:52,0.88 ,10:07,,Drank tea,,4787
2017/4/15,2017/4/15 23:23,2017/4/16 7:05,0.73 ,7:42,,Drank tea,,4581
2017/4/17,2017/4/17 0:06,2017/4/17 7:51,0.83 ,7:44,,Drank coffee:Drank tea,,1510
2017/4/17,2017/4/17 22:12,2017/4/18 5:54,0.66 ,7:41,,Drank coffee:Drank tea,,780
2017/4/18,2017/4/18 22:43,2017/4/19 6:20,0.59 ,7:36,,Drank coffee:Drank tea:Worked out,,6284
2017/4/19,2017/4/19 21:39,2017/4/20 5:30,0.75 ,7:51,,,,8213
2017/4/20,2017/4/20 22:15,2017/4/21 5:41,0.75 ,7:26,,Drank coffee:Drank tea:Worked out,,7905
2017/4/21,2017/4/21 22:36,2017/4/22 7:46,0.83 ,9:09,,Drank coffee:Drank tea:Worked out,,8072
2017/4/23,2017/4/23 0:53,2017/4/23 8:38,0.86 ,7:44,,Drank coffee:Drank tea,,2666
2017/4/23,2017/4/23 22:31,2017/4/24 6:31,0.75 ,7:59,,Drank coffee,,3042
2017/4/24,2017/4/24 23:07,2017/4/25 6:34,0.72 ,7:27,,Drank coffee:Drank tea:Worked out,,10319
2017/4/25,2017/4/25 22:20,2017/4/26 6:20,0.85 ,8:00,,Drank coffee:Drank tea:Worked out,,8358
2017/4/26,2017/4/26 22:25,2017/4/27 6:32,0.68 ,8:06,,Drank coffee:Drank tea:Worked out,,7337
2017/4/27,2017/4/27 22:48,2017/4/28 6:40,0.64 ,7:51,,Drank coffee:Drank tea:Worked out,,6551
2017/4/28,2017/4/28 23:39,2017/4/29 8:17,0.90 ,8:37,,Drank coffee:Drank tea:Stressful day,,3357
2017/4/29,2017/4/29 23:39,2017/4/30 7:23,0.74 ,7:43,,Drank coffee:Drank tea,,2668
2017/4/30,2017/4/30 22:28,2017/5/1 6:16,0.72 ,7:47,,Drank coffee:Drank tea:Worked out,,7491
2017/5/1,2017/5/1 22:00,2017/5/2 6:17,0.74 ,8:16,,Drank coffee:Drank tea:Worked out,,11475
2017/5/2,2017/5/2 21:47,2017/5/3 6:04,0.77 ,8:16,,Drank coffee:Drank tea:Worked out,,4810
2017/5/3,2017/5/3 22:59,2017/5/4 6:20,0.59 ,7:21,,Drank coffee:Drank tea:Worked out,,6932
2017/5/4,2017/5/4 22:37,2017/5/5 6:10,0.73 ,7:32,,Drank coffee:Drank tea:Worked out,,5954
2017/5/6,2017/5/6 0:25,2017/5/6 7:45,0.83 ,7:20,,Drank coffee:Drank tea:Worked out,,11070
2017/5/7,2017/5/7 21:51,2017/5/8 6:10,0.81 ,8:18,,Drank coffee,,4310
2017/5/8,2017/5/8 22:28,2017/5/9 6:11,0.66 ,7:43,,Drank coffee:Drank tea:Worked out,,8598
2017/5/9,2017/5/9 23:33,2017/5/10 6:03,0.64 ,6:29,,Drank coffee:Drank tea:Worked out,,6073
2017/5/10,2017/5/10 6:04,2017/5/10 7:45,0.18 ,1:40,,,,0
2017/5/10,2017/5/10 22:43,2017/5/11 6:16,0.82 ,7:32,,Drank coffee:Drank tea,,2854
2017/5/11,2017/5/11 21:52,2017/5/12 6:40,0.95 ,8:47,,Drank coffee:Drank tea:Worked out,,4280
2017/5/13,2017/5/13 0:42,2017/5/13 7:41,0.73 ,6:59,,Drank coffee:Drank tea:Worked out,,4068
2017/5/14,2017/5/14 0:04,2017/5/14 8:11,0.73 ,8:06,,Drank tea,,3298
2017/5/14,2017/5/14 21:57,2017/5/15 6:20,0.77 ,8:22,,Drank coffee:Drank tea,,3958
2017/5/15,2017/5/15 22:55,2017/5/16 6:30,0.75 ,7:34,,Drank coffee:Drank tea:Worked out,,7661
2017/5/16,2017/5/16 22:41,2017/5/17 6:17,0.73 ,7:36,,Drank tea,,1865
2017/5/17,2017/5/17 22:44,2017/5/18 6:40,0.90 ,7:56,,Drank coffee:Drank tea:Worked out,,6764
2017/5/18,2017/5/18 23:17,2017/5/19 6:27,0.88 ,7:10,,Drank coffee:Drank tea:Stressful day:Worked out,,82
2017/5/20,2017/5/20 1:04,2017/5/20 8:56,0.73 ,7:52,,Drank coffee:Drank tea:Worked out,,5606
2017/5/22,2017/5/22 22:29,2017/5/23 7:35,0.90 ,9:06,,Drank tea:Worked out,,8858
2017/5/24,2017/5/24 0:14,2017/5/24 7:46,0.70 ,7:32,,Drank coffee:Worked out,,14276
2017/5/24,2017/5/24 22:09,2017/5/25 6:37,0.82 ,8:28,,Drank tea:Worked out,,3884
2017/5/25,2017/5/25 22:19,2017/5/26 6:24,0.73 ,8:04,,Drank tea:Worked out,,4565
2017/5/28,2017/5/28 0:18,2017/5/28 8:01,0.81 ,7:43,,Drank coffee:Worked out,,3770
2017/5/28,2017/5/28 22:37,2017/5/29 6:18,0.75 ,7:41,,Drank coffee,,1450
2017/5/29,2017/5/29 22:28,2017/5/30 6:11,0.88 ,7:42,,Drank coffee:Stressful day:Worked out,,7711
2017/5/30,2017/5/30 21:59,2017/5/31 6:20,0.75 ,8:21,,Ate late:Drank coffee:Worked out,,6430
2017/5/31,2017/5/31 22:26,2017/6/1 5:45,0.86 ,7:19,,Drank coffee:Drank tea:Worked out,,6964
2017/6/1,2017/6/1 22:59,2017/6/2 6:40,0.80 ,7:41,,Drank coffee:Drank tea:Worked out,,4562
2017/6/2,2017/6/2 22:05,2017/6/3 6:11,0.69 ,8:05,,Drank coffee:Drank tea,,1867
2017/6/3,2017/6/3 21:56,2017/6/4 7:13,0.72 ,9:16,,Drank coffee:Worked out,,8205
2017/6/4,2017/6/4 23:14,2017/6/5 6:21,0.67 ,7:06,,Drank coffee,,6705
2017/6/5,2017/6/5 22:30,2017/6/6 6:17,0.74 ,7:47,,Drank coffee:Worked out,,7820
2017/6/6,2017/6/6 21:38,2017/6/7 5:53,0.76 ,8:14,,Drank coffee:Drank tea:Stressful day:Worked out,,5391
2017/6/7,2017/6/7 22:54,2017/6/8 6:34,0.41 ,7:40,,Drank coffee:Drank tea:Worked out,,10542
2017/6/8,2017/6/8 21:47,2017/6/9 6:17,0.70 ,8:30,,Drank tea,,255
2017/6/10,2017/6/10 0:07,2017/6/10 7:55,0.67 ,7:47,,,,10427
2017/6/11,2017/6/11 22:18,2017/6/12 6:10,0.78 ,7:52,,,,6507
2017/6/12,2017/6/12 21:44,2017/6/13 6:17,0.93 ,8:32,,,,10373
2017/6/13,2017/6/13 22:18,2017/6/14 6:12,0.74 ,7:54,,,,9204
2017/6/14,2017/6/14 22:34,2017/6/15 6:13,0.68 ,7:38,,,,5027
2017/6/15,2017/6/15 22:19,2017/6/16 6:07,0.76 ,7:48,,,,7106
2017/6/18,2017/6/18 5:01,2017/6/18 7:34,0.31 ,2:33,,,,12153
2017/6/18,2017/6/18 7:35,2017/6/18 8:09,0.07 ,0:34,,,,804
2017/6/18,2017/6/18 22:22,2017/6/19 6:02,0.66 ,7:39,,,,5251
2017/6/19,2017/6/19 22:57,2017/6/20 6:24,0.70 ,7:26,,,,6672
2017/6/20,2017/6/20 22:31,2017/6/21 6:15,0.77 ,7:43,,,,7007
2017/6/21,2017/6/21 6:16,2017/6/21 7:03,0.10 ,0:47,,,,0
2017/6/21,2017/6/21 22:32,2017/6/22 6:10,0.72 ,7:37,,,,4898
2017/6/22,2017/6/22 23:37,2017/6/23 6:38,0.59 ,7:00,,,,7064
2017/6/23,2017/6/23 23:26,2017/6/24 7:11,0.74 ,7:44,,,,114
2017/6/25,2017/6/25 22:08,2017/6/26 6:18,0.83 ,8:10,,,,3403
2017/6/26,2017/6/26 21:24,2017/6/27 6:15,0.90 ,8:51,,,,6043
2017/6/27,2017/6/27 21:52,2017/6/28 6:33,0.86 ,8:41,,,,8946
2017/6/28,2017/6/28 21:53,2017/6/29 6:21,0.69 ,8:28,,,,7778
2017/6/29,2017/6/29 22:32,2017/6/30 6:33,0.77 ,8:00,,,,5510
2017/7/3,2017/7/3 0:31,2017/7/3 7:44,0.81 ,7:12,,,,17770
2017/7/3,2017/7/3 22:37,2017/7/4 6:18,0.73 ,7:41,,,,10604
2017/7/4,2017/7/4 22:07,2017/7/5 5:55,0.74 ,7:48,,,,7474
2017/7/5,2017/7/5 21:48,2017/7/6 5:43,0.66 ,7:55,,,,6430
2017/7/6,2017/7/6 22:33,2017/7/7 6:31,0.73 ,7:57,,,,11076
2017/7/9,2017/7/9 22:36,2017/7/10 5:59,0.70 ,7:22,,,,12647
2017/7/10,2017/7/10 22:25,2017/7/11 6:01,0.74 ,7:35,,,,4260
2017/7/11,2017/7/11 21:39,2017/7/12 6:06,0.65 ,8:26,,,,5504
2017/7/12,2017/7/12 23:12,2017/7/13 6:25,0.67 ,7:13,,,,6915
2017/7/13,2017/7/13 22:30,2017/7/14 6:45,0.81 ,8:14,,,,3919
2017/7/15,2017/7/15 1:10,2017/7/15 7:54,0.78 ,6:43,,,,5342
2017/7/16,2017/7/16 2:12,2017/7/16 7:53,0.69 ,5:40,,,,3739
2017/7/16,2017/7/16 22:08,2017/7/17 6:25,0.70 ,8:17,,,,5925
2017/7/17,2017/7/17 22:51,2017/7/18 6:17,0.71 ,7:26,,,,4840
2017/7/18,2017/7/18 22:00,2017/7/19 6:39,0.84 ,8:39,,,,5157
2017/7/19,2017/7/19 21:45,2017/7/20 5:55,0.87 ,8:09,,,,4336
2017/7/22,2017/7/22 1:06,2017/7/22 7:54,0.68 ,6:48,,,,135
2017/7/22,2017/7/22 23:13,2017/7/23 7:10,0.78 ,7:57,,,,5579
2017/7/23,2017/7/23 21:57,2017/7/24 5:49,0.84 ,7:51,,,,3901
2017/7/25,2017/7/25 5:34,2017/7/25 5:55,0.05 ,0:21,,,,6485
2017/7/25,2017/7/25 22:04,2017/7/26 5:48,0.87 ,7:43,,,,5451
2017/7/26,2017/7/26 22:29,2017/7/27 6:05,0.74 ,7:35,,,,2899
2017/7/27,2017/7/27 21:53,2017/7/28 5:50,0.51 ,7:57,,,,1552
2017/7/28,2017/7/28 23:29,2017/7/29 6:22,0.38 ,6:53,,,,5221
2017/7/29,2017/7/29 22:00,2017/7/30 6:50,0.72 ,8:49,,,,3834
2017/7/30,2017/7/30 23:20,2017/7/31 6:33,0.89 ,7:12,,,,1018
2017/7/31,2017/7/31 22:39,2017/8/1 6:19,0.82 ,7:39,,,,1837
2017/8/1,2017/8/1 23:15,2017/8/2 6:10,0.77 ,6:54,,,,893
2017/8/2,2017/8/2 22:32,2017/8/3 6:06,0.81 ,7:33,,,,5280
2017/8/3,2017/8/3 23:14,2017/8/4 6:32,0.80 ,7:18,,,,3584
2017/8/4,2017/8/4 22:59,2017/8/5 7:31,0.76 ,8:31,,,,1114
2017/8/5,2017/8/5 23:37,2017/8/6 7:38,0.81 ,8:00,,,,5152
2017/8/6,2017/8/6 23:03,2017/8/7 8:12,0.99 ,9:08,,,,3045
2017/8/7,2017/8/7 23:14,2017/8/8 7:41,0.73 ,8:26,,,,2429
2017/8/8,2017/8/8 22:34,2017/8/9 6:05,0.81 ,7:31,,,,7187
2017/8/9,2017/8/9 23:22,2017/8/10 5:53,0.59 ,6:30,,,,4488
2017/8/12,2017/8/12 22:58,2017/8/13 6:40,0.79 ,7:42,,,,5541
2017/8/13,2017/8/13 22:46,2017/8/14 5:51,0.58 ,7:04,,,,6246
2017/8/14,2017/8/14 22:32,2017/8/15 5:51,0.67 ,7:18,,,,7940
2017/8/15,2017/8/15 21:56,2017/8/16 6:30,0.83 ,8:34,,,,5029
2017/8/16,2017/8/16 22:01,2017/8/17 5:29,0.81 ,7:27,,,,9185
2017/8/17,2017/8/17 20:36,2017/8/18 4:53,0.35 ,8:16,,,,7581
2017/8/25,2017/8/25 23:37,2017/8/26 6:38,0.30 ,7:00,,,,10605
2017/8/27,2017/8/27 22:15,2017/8/28 7:00,0.94 ,8:44,,,,13476
2017/8/28,2017/8/28 22:03,2017/8/29 7:20,0.82 ,9:17,,,,3921
2017/8/30,2017/8/30 23:01,2017/8/31 6:38,0.74 ,7:37,,,,3332
2017/8/31,2017/8/31 23:01,2017/9/1 7:16,0.81 ,8:15,,,,3001
2017/9/1,2017/9/1 22:33,2017/9/2 7:38,0.89 ,9:04,,,,7268
2017/9/3,2017/9/3 0:46,2017/9/3 8:08,0.81 ,7:21,,,,4835
2017/9/3,2017/9/3 23:07,2017/9/4 7:22,0.84 ,8:14,,,,3230
2017/9/4,2017/9/4 22:49,2017/9/5 6:07,0.59 ,7:17,,,,1333
2017/9/5,2017/9/5 22:38,2017/9/6 6:08,0.81 ,7:30,,,,8922
2017/9/6,2017/9/6 22:02,2017/9/7 6:02,0.79 ,7:59,,,,5095
2017/9/7,2017/9/7 22:26,2017/9/8 6:05,0.77 ,7:39,,,,5470
2017/9/9,2017/9/9 21:24,2017/9/10 6:13,0.74 ,8:48,,,,2257
2017/9/11,2017/9/11 22:39,2017/9/12 6:06,0.56 ,7:27,,,,12094
2017/9/12,2017/9/12 22:03,2017/9/13 6:08,0.86 ,8:04,,,,6059
2017/9/13,2017/9/13 23:43,2017/9/14 6:32,0.55 ,6:48,,,,6075
2017/9/14,2017/9/14 22:06,2017/9/15 6:05,0.79 ,7:59,,,,4400
2017/9/16,2017/9/16 0:18,2017/9/16 8:51,0.91 ,8:33,,,,4880
2017/9/17,2017/9/17 22:50,2017/9/18 6:32,0.71 ,7:41,,,,7213
2017/9/18,2017/9/18 22:19,2017/9/19 6:04,0.69 ,7:44,,,,3640
2017/9/19,2017/9/19 22:16,2017/9/20 6:04,0.76 ,7:47,,,,5184
2017/9/20,2017/9/20 22:04,2017/9/21 6:06,0.65 ,8:02,,,,4443
2017/9/21,2017/9/21 22:23,2017/9/22 6:07,0.72 ,7:44,,,,5242
2017/9/24,2017/9/24 21:44,2017/9/25 5:57,0.80 ,8:13,,,,5142
2017/9/25,2017/9/25 22:17,2017/9/26 6:19,0.73 ,8:01,,,,5050
2017/9/26,2017/9/26 23:01,2017/9/27 5:49,0.66 ,6:47,,,,1706
2017/9/27,2017/9/27 22:06,2017/9/28 6:08,0.83 ,8:02,,,,10076
2017/9/28,2017/9/28 23:36,2017/9/29 6:41,0.75 ,7:04,,,,5320
2017/9/29,2017/9/29 23:14,2017/9/30 8:00,0.80 ,8:46,,,,2809
2017/10/1,2017/10/1 0:03,2017/10/1 7:36,0.79 ,7:33,,,,6235
2017/10/1,2017/10/1 21:44,2017/10/2 6:05,0.69 ,8:21,,,,2757
2017/10/2,2017/10/2 22:55,2017/10/3 6:00,0.76 ,7:05,,,,5551
2017/10/3,2017/10/3 21:41,2017/10/4 6:25,0.96 ,8:44,,,,3729
2017/10/4,2017/10/4 22:44,2017/10/5 6:05,0.75 ,7:20,,,,7101
2017/10/5,2017/10/5 21:24,2017/10/6 4:37,0.76 ,7:13,,,,4906
2017/10/6,2017/10/6 22:56,2017/10/7 7:44,0.55 ,8:47,,,,4507
2017/10/7,2017/10/7 21:57,2017/10/8 8:05,0.71 ,10:07,,,,1588
2017/10/9,2017/10/9 22:27,2017/10/10 6:10,0.79 ,7:42,,,,3951
2017/10/10,2017/10/10 22:23,2017/10/11 6:00,0.80 ,7:36,,,,5912
2017/10/11,2017/10/11 22:32,2017/10/12 6:10,0.71 ,7:38,,,,5314
2017/10/12,2017/10/12 22:22,2017/10/13 6:37,0.79 ,8:14,,,,3240
2017/10/13,2017/10/13 23:03,2017/10/14 8:15,0.88 ,9:11,,,,356
2017/10/14,2017/10/14 22:58,2017/10/15 7:24,0.80 ,8:25,,,,388
2017/10/15,2017/10/15 22:47,2017/10/16 5:56,0.69 ,7:09,,,,4287
2017/10/16,2017/10/16 21:51,2017/10/17 6:01,0.74 ,8:09,,,,7129
2017/10/17,2017/10/17 21:41,2017/10/18 6:02,0.78 ,8:21,,,,3342
2017/10/19,2017/10/19 0:01,2017/10/19 6:02,0.60 ,6:00,,,,4074
2017/10/19,2017/10/19 21:13,2017/10/20 6:14,1.00 ,9:00,,,,907
2017/10/21,2017/10/21 0:05,2017/10/21 7:57,0.89 ,7:51,,,,5899
2017/10/22,2017/10/22 0:25,2017/10/22 7:45,0.79 ,7:20,,,,71
2017/10/22,2017/10/22 21:50,2017/10/23 6:00,0.82 ,8:10,,,,5210
2017/10/23,2017/10/23 22:18,2017/10/24 6:01,0.65 ,7:42,,,,6636
2017/10/24,2017/10/24 22:15,2017/10/25 6:06,0.83 ,7:51,,,,5355
2017/10/25,2017/10/25 21:55,2017/10/26 6:00,0.65 ,8:05,,,,4119
2017/10/27,2017/10/27 1:50,2017/10/27 6:51,0.59 ,5:01,,,,5364
2017/10/28,2017/10/28 22:51,2017/10/29 7:51,0.91 ,9:00,,,,1097
2017/10/29,2017/10/29 22:26,2017/10/30 6:00,0.78 ,7:34,,,,1430
2017/10/30,2017/10/30 22:52,2017/10/31 5:43,0.62 ,6:51,,,,7603
2017/10/31,2017/10/31 23:29,2017/11/1 5:02,0.49 ,5:33,,,,9304
2017/11/2,2017/11/2 21:25,2017/11/3 6:21,0.74 ,8:56,,,,5051
2017/11/3,2017/11/3 23:23,2017/11/4 7:26,0.89 ,8:02,,,,787
2017/11/5,2017/11/5 22:30,2017/11/6 6:05,0.70 ,7:35,,,,5504
2017/11/6,2017/11/6 22:08,2017/11/7 5:58,0.75 ,7:49,,,,3709
2017/11/7,2017/11/7 21:01,2017/11/8 5:45,0.90 ,8:43,,,,144
2017/11/8,2017/11/8 23:11,2017/11/9 6:30,0.76 ,7:18,,,,6094
2017/11/9,2017/11/9 22:04,2017/11/10 7:15,0.96 ,9:11,,,,847
2017/11/10,2017/11/10 23:29,2017/11/11 7:21,0.83 ,7:51,,,,5919
2017/11/11,2017/11/11 23:06,2017/11/12 7:18,0.84 ,8:11,,,,1751
2017/11/12,2017/11/12 23:39,2017/11/13 8:30,0.79 ,8:50,,,,3789
2017/11/14,2017/11/14 21:16,2017/11/15 6:50,0.93 ,9:34,,,,52
2017/11/15,2017/11/15 21:23,2017/11/16 6:51,0.85 ,9:27,,,,27
2017/11/16,2017/11/16 22:33,2017/11/17 6:07,0.80 ,7:34,,,,430
2017/11/17,2017/11/17 23:08,2017/11/18 7:20,0.91 ,8:11,,,,3281
2017/11/19,2017/11/19 21:58,2017/11/20 6:02,0.82 ,8:04,,,,4153
2017/11/20,2017/11/20 22:26,2017/11/21 6:00,0.86 ,7:33,,,,6494
2017/11/21,2017/11/21 22:26,2017/11/22 5:57,0.68 ,7:31,,,,9426
2017/11/22,2017/11/22 22:34,2017/11/23 6:01,0.80 ,7:26,,,,7565
2017/11/23,2017/11/23 22:56,2017/11/24 6:30,0.80 ,7:33,,,,5735
2017/11/25,2017/11/25 23:14,2017/11/26 8:19,1.00 ,9:05,,,,5116
2017/11/26,2017/11/26 22:10,2017/11/27 6:05,0.63 ,7:55,,,,27
2017/11/27,2017/11/27 22:36,2017/11/28 5:58,0.73 ,7:22,,,,0
2017/11/28,2017/11/28 22:54,2017/11/29 6:09,0.80 ,7:14,,,,6417
2017/11/29,2017/11/29 22:33,2017/11/30 6:26,0.83 ,7:52,,,,0
2017/11/30,2017/11/30 20:54,2017/12/1 5:55,0.77 ,9:01,,,,0
2017/12/3,2017/12/3 23:10,2017/12/4 6:15,0.63 ,7:05,,,,3400
2017/12/4,2017/12/4 21:20,2017/12/5 5:50,0.70 ,8:29,,,,6015
2017/12/5,2017/12/5 22:56,2017/12/6 6:15,0.68 ,7:19,,,,3179
2017/12/6,2017/12/6 21:56,2017/12/7 5:50,0.63 ,7:53,,,,6346
2017/12/7,2017/12/7 22:04,2017/12/8 6:31,0.82 ,8:27,,,,218
2017/12/9,2017/12/9 23:39,2017/12/10 8:15,0.95 ,8:35,,,,0
2017/12/10,2017/12/10 22:16,2017/12/11 6:06,0.70 ,7:49,,,,96
2017/12/11,2017/12/11 21:47,2017/12/12 5:57,0.68 ,8:09,,,,7339
2017/12/12,2017/12/12 22:09,2017/12/13 5:55,0.72 ,7:45,,,,6970
2017/12/14,2017/12/14 22:47,2017/12/15 5:51,0.60 ,7:04,,,,1566
2017/12/17,2017/12/17 21:35,2017/12/18 6:08,0.80 ,8:33,,,,5184
2017/12/18,2017/12/18 21:39,2017/12/19 6:05,0.79 ,8:26,,,,75
2017/12/19,2017/12/19 22:05,2017/12/20 6:25,0.79 ,8:20,,,,3088
2017/12/20,2017/12/20 21:30,2017/12/21 5:52,0.59 ,8:22,,,,4553
2017/12/21,2017/12/21 22:10,2017/12/22 6:55,0.75 ,8:44,,,,1306
2017/12/26,2017/12/26 21:19,2017/12/27 7:55,0.97 ,10:35,,,,373
2017/12/29,2017/12/29 0:06,2017/12/29 7:57,0.75 ,7:50,,,,5168
2017/12/29,2017/12/29 22:00,2017/12/30 8:08,0.75 ,10:08,,,,61
2018/1/1,2018/1/1 21:30,2018/1/2 5:56,0.81 ,8:25,,,,2544
2018/1/2,2018/1/2 22:31,2018/1/3 5:48,0.76 ,7:17,,,,475
2018/1/3,2018/1/3 20:28,2018/1/4 3:40,0.00 ,0:00,,,,47
2018/1/4,2018/1/4 22:19,2018/1/5 7:25,0.91 ,9:05,,,,5064
2018/1/6,2018/1/6 23:13,2018/1/7 8:00,0.86 ,8:46,,,,2101
2018/1/7,2018/1/7 22:09,2018/1/8 6:10,0.83 ,8:01,,,,1334
2018/1/8,2018/1/8 22:53,2018/1/9 5:45,0.77 ,6:51,,,,2262
2018/1/9,2018/1/9 22:22,2018/1/10 6:23,0.90 ,8:01,,,,4529
2018/1/10,2018/1/10 21:31,2018/1/11 5:10,0.71 ,7:38,,,,6224
2018/1/11,2018/1/11 21:54,2018/1/12 5:01,0.70 ,7:06,,,,47
2018/1/12,2018/1/12 21:50,2018/1/13 7:38,0.70 ,9:48,,,,6296
2018/1/13,2018/1/13 22:07,2018/1/14 7:09,0.64 ,9:02,,,,2405
2018/1/14,2018/1/14 22:02,2018/1/15 5:50,0.73 ,7:48,,,,9237
2018/1/15,2018/1/15 22:45,2018/1/16 6:00,0.79 ,7:15,,,,2818
2018/1/16,2018/1/16 22:09,2018/1/17 6:01,0.71 ,7:51,,,,5752
2018/1/17,2018/1/17 22:45,2018/1/18 6:12,0.84 ,7:27,,,,6631
2018/1/18,2018/1/18 22:46,2018/1/19 6:48,0.59 ,8:02,,,,9516
2018/1/19,2018/1/19 22:21,2018/1/20 8:22,0.71 ,10:01,,,,4454
2018/1/20,2018/1/20 23:44,2018/1/21 7:01,0.67 ,7:17,,,,7253
2018/1/21,2018/1/21 22:04,2018/1/22 6:01,0.84 ,7:56,,,,22
2018/1/22,2018/1/22 23:15,2018/1/23 6:00,0.66 ,6:44,,,,2334
2018/1/23,2018/1/23 21:41,2018/1/24 6:00,0.73 ,8:18,,,,2867
2018/1/24,2018/1/24 20:58,2018/1/25 6:02,0.84 ,9:03,,,,4881
2018/1/25,2018/1/25 23:17,2018/1/26 6:00,0.72 ,6:43,,,,2149
2018/1/26,2018/1/26 22:13,2018/1/27 7:20,0.92 ,9:07,,,,1720
2018/1/28,2018/1/28 1:21,2018/1/28 8:49,0.81 ,7:27,,,,6518
2018/1/28,2018/1/28 21:30,2018/1/29 5:00,0.69 ,7:29,,,,29
2018/1/29,2018/1/29 21:37,2018/1/30 6:01,0.79 ,8:23,,,,107
2018/1/30,2018/1/30 22:18,2018/1/31 6:03,0.77 ,7:44,,,,5277
2018/1/31,2018/1/31 22:29,2018/2/1 6:02,0.72 ,7:32,,,,1325
2018/2/1,2018/2/1 21:25,2018/2/2 6:45,0.80 ,9:20,,,,3319
2018/2/3,2018/2/3 2:20,2018/2/3 7:44,0.65 ,5:23,,,,4810
2018/2/3,2018/2/3 8:32,2018/2/3 9:08,0.08 ,0:36,,,,166
2018/2/3,2018/2/3 22:29,2018/2/4 7:37,0.96 ,9:08,,,,362
2018/2/4,2018/2/4 23:09,2018/2/5 6:01,0.72 ,6:52,,,,2528
2018/2/5,2018/2/5 22:02,2018/2/6 6:00,0.78 ,7:58,,,,7982
2018/2/6,2018/2/6 21:44,2018/2/7 6:12,0.82 ,8:28,,,,5039
2018/2/7,2018/2/7 23:18,2018/2/8 6:48,0.73 ,7:29,,,,2435
2018/2/8,2018/2/8 22:41,2018/2/9 6:00,0.93 ,7:18,,,,68
2018/2/9,2018/2/9 23:07,2018/2/10 7:26,0.76 ,8:18,,,,5598
2018/2/11,2018/2/11 22:44,2018/2/12 7:08,0.91 ,8:24,,,,1901
2018/2/12,2018/2/12 21:54,2018/2/13 7:02,0.91 ,9:08,,,,56
2018/2/13,2018/2/13 23:49,2018/2/14 7:00,0.81 ,7:11,,,,64
2018/2/14,2018/2/14 21:24,2018/2/15 6:20,0.71 ,8:56,,,,3316
2018/2/15,2018/2/15 21:36,2018/2/16 6:50,0.80 ,9:13,,,,6555
2018/2/16,2018/2/16 22:52,2018/2/17 7:48,0.91 ,8:55,,,,2291